subspace,n,m,B,radius,lambda_max,bound,ratio,B_eff,ratio_eff,kind,random_dir_lambda_max,random_dir_ratio_eff
so,32,2.0,0.5,0.01,0.056662734541596343,0.25,0.22665093816638537,0.3489164376882943,0.46543031838923976,random_features,,
so,32,2.0,0.5,0.1,0.056662734536112674,0.25,0.2266509381444507,0.3489164376882943,0.4654303183441967,random_features,,
so,32,2.0,0.5,1.0,0.05666273398774514,0.25,0.22665093595098057,0.3489164376882943,0.4654303138398804,random_features,,
so,32,2.0,0.5,10.0,0.05666267915102918,0.25,0.22665071660411673,0.3489164376882943,0.465429863408563,random_features,,
so,32,2.0,0.5,100.0,0.05665719583674793,0.25,0.2266287833469917,0.3489164376882943,0.46538482321181995,random_features,,
so,32,2.0,0.5,1000.0,0.05611241786955694,0.25,0.22444967147822775,0.3489164376882943,0.460909991829741,random_features,,
so,32,2.0,0.5,10000.0,0.024208312754320577,0.25,0.09683325101728231,0.3489164376882943,0.19884819898055506,random_features,,
sym,32,2.0,0.5,0.01,0.06836789564481816,0.25,0.2734715825792726,0.3587120514975609,0.5313250320831839,random_features,,
sym,32,2.0,0.5,0.1,0.06836789561422674,0.25,0.27347158245690695,0.3587120514975609,0.531325031845441,random_features,,
sym,32,2.0,0.5,1.0,0.06836789255508083,0.25,0.2734715702203233,0.3587120514975609,0.5313250080711127,random_features,,
sym,32,2.0,0.5,10.0,0.06836758664141182,0.25,0.2734703465656473,0.3587120514975609,0.5313226306454443,random_features,,
sym,32,2.0,0.5,100.0,0.06833700448888616,0.25,0.27334801795554464,0.3587120514975609,0.5310849596886507,random_features,,
sym,32,2.0,0.5,1000.0,0.06536862734494822,0.25,0.2614745093797929,0.3587120514975609,0.5080160460360866,random_features,,
sym,32,2.0,0.5,10000.0,0.0037847971441912027,0.25,0.01513918857676481,0.3587120514975609,0.029413768627792356,random_features,,
sl,32,2.0,0.5,0.01,0.12471685027841506,0.25,0.49886740111366024,0.499899878733909,0.4990672500822961,random_features,,
sl,32,2.0,0.5,0.1,0.12471685024674616,0.25,0.4988674009869846,0.499899878733909,0.4990672499555697,random_features,,
sl,32,2.0,0.5,1.0,0.12471684707985561,0.25,0.49886738831942246,0.499899878733909,0.4990672372829329,random_features,,
sl,32,2.0,0.5,10.0,0.12471653039134015,0.25,0.4988661215653606,0.499899878733909,0.4990659700214025,random_features,,
sl,32,2.0,0.5,100.0,0.12468486695365871,0.25,0.49873946781463485,0.499899878733909,0.49893926553250184,random_features,,
sl,32,2.0,0.5,1000.0,0.12157188532331129,0.25,0.48628754129324514,0.499899878733909,0.48648235070226037,random_features,,
sl,32,2.0,0.5,10000.0,0.01872022031802581,0.25,0.07488088127210324,0.499899878733909,0.07491087895657685,random_features,,
gl,32,2.0,0.5,0.01,0.1250306301838715,0.25,0.500122520735486,0.49999999999999983,0.5001225207354864,random_features,,
gl,32,2.0,0.5,0.1,0.12503062989603458,0.25,0.5001225195841383,0.49999999999999983,0.5001225195841387,random_features,,
gl,32,2.0,0.5,1.0,0.12503060111234848,0.25,0.5001224044493939,0.49999999999999983,0.5001224044493943,random_features,,
gl,32,2.0,0.5,10.0,0.12502772278835617,0.25,0.5001108911534247,0.49999999999999983,0.500110891153425,random_features,,
gl,32,2.0,0.5,100.0,0.12474033597241851,0.25,0.49896134388967406,0.49999999999999983,0.4989613438896744,random_features,,
gl,32,2.0,0.5,1000.0,0.0999340475524165,0.25,0.399736190209666,0.49999999999999983,0.3997361902096663,random_features,,
gl,32,2.0,0.5,10000.0,3.2395829160982655e-05,0.25,0.00012958331664393062,0.49999999999999983,0.0001295833166439307,random_features,,
so,32,2.0,1.0,0.01,0.22977510983065402,1.0,0.22977510983065402,0.7079056340001765,0.4585136243025397,random_features,,
so,32,2.0,1.0,0.1,0.229775109735379,1.0,0.229775109735379,0.7079056340001765,0.4585136241124195,random_features,,
so,32,2.0,1.0,1.0,0.22977510020788183,1.0,0.22977510020788183,0.7079056340001765,0.458513605100407,random_features,,
so,32,2.0,1.0,10.0,0.22977414746081676,1.0,0.22977414746081676,0.7079056340001765,0.4585117039044499,random_features,,
so,32,2.0,1.0,100.0,0.22967889934813024,1.0,0.22967889934813024,0.7079056340001765,0.4583216373764084,random_features,,
so,32,2.0,1.0,1000.0,0.2204138493533902,1.0,0.2204138493533902,0.7079056340001765,0.4398333352467156,random_features,,
so,32,2.0,1.0,10000.0,0.014838341014949788,1.0,0.014838341014949788,0.7079056340001765,0.02960974111780838,random_features,,
sym,32,2.0,1.0,0.01,0.2673342680048234,1.0,0.2673342680048234,0.7418857595910298,0.48571393351710296,random_features,,
sym,32,2.0,1.0,0.1,0.2673342669226284,1.0,0.2673342669226284,0.7418857595910298,0.48571393155088594,random_features,,
sym,32,2.0,1.0,1.0,0.26733415870315064,1.0,0.26733415870315064,0.7418857595910298,0.4857137349292234,random_features,,
sym,32,2.0,1.0,10.0,0.26732333705035766,1.0,0.26732333705035766,0.7418857595910298,0.4856940732989189,random_features,,
sym,32,2.0,1.0,100.0,0.2662441146411987,1.0,0.2662441146411987,0.7418857595910298,0.4837332571064996,random_features,,
sym,32,2.0,1.0,1000.0,0.18213754844192123,1.0,0.18213754844192123,0.7418857595910298,0.3309218296447176,random_features,,
sym,32,2.0,1.0,10000.0,2.984721471012702e-06,1.0,2.984721471012702e-06,0.7418857595910298,5.422876823678948e-06,random_features,,
sl,32,2.0,1.0,0.01,0.49296955085359795,1.0,0.49296955085359795,0.9987834401513994,0.49417119714496055,random_features,,
sl,32,2.0,1.0,0.1,0.4929695498696056,1.0,0.4929695498696056,0.9987834401513994,0.4941711961585697,random_features,,
sl,32,2.0,1.0,1.0,0.4929694514703953,1.0,0.4929694514703953,0.9987834401513994,0.49417109751950467,random_features,,
sl,32,2.0,1.0,10.0,0.49295961168159996,1.0,0.49295961168159996,0.9987834401513994,0.49416123374556525,random_features,,
sl,32,2.0,1.0,100.0,0.4919769537703779,1.0,0.4919769537703779,0.9987834401513994,0.49317618053988205,random_features,,
sl,32,2.0,1.0,1000.0,0.4055555969203396,1.0,0.4055555969203396,0.9987834401513994,0.4065441658454118,random_features,,
sl,32,2.0,1.0,10000.0,0.00024809048938488913,1.0,0.00024809048938488913,0.9987834401513994,0.0002486952265658681,random_features,,
gl,32,2.0,1.0,0.01,0.49710937784698417,1.0,0.49710937784698417,1.0000000000000009,0.4971093778469833,random_features,,
gl,32,2.0,1.0,0.1,0.49710937780866216,1.0,0.49710937780866216,1.0000000000000009,0.49710937780866127,random_features,,
gl,32,2.0,1.0,1.0,0.49710937397647426,1.0,0.49710937397647426,1.0000000000000009,0.49710937397647337,random_features,,
gl,32,2.0,1.0,10.0,0.4971089907578923,1.0,0.4971089907578923,1.0000000000000009,0.4971089907578914,random_features,,
gl,32,2.0,1.0,100.0,0.49707067088876133,1.0,0.49707067088876133,1.0000000000000009,0.49707067088876045,random_features,,
gl,32,2.0,1.0,1000.0,0.4932584873672457,1.0,0.4932584873672457,1.0000000000000009,0.4932584873672448,random_features,,
gl,32,2.0,1.0,10000.0,0.24818380699053377,1.0,0.24818380699053377,1.0000000000000009,0.24818380699053333,random_features,,
so,32,2.0,2.0,0.01,0.9515744324345692,4.0,0.2378936081086423,1.398563950582957,0.48649469098747417,random_features,,
so,32,2.0,2.0,0.1,0.9515744264114815,4.0,0.23789360660287037,1.398563950582957,0.48649468790815625,random_features,,
so,32,2.0,2.0,1.0,0.9515738241029891,4.0,0.23789345602574727,1.398563950582957,0.4864943799765075,random_features,,
so,32,2.0,2.0,10.0,0.9515135958207054,4.0,0.23787839895517635,1.398563950582957,0.4864635881239949,random_features,,
so,32,2.0,2.0,100.0,0.9455163439522789,4.0,0.23637908598806973,1.398563950582957,0.4833974788475618,random_features,,
so,32,2.0,2.0,1000.0,0.5322680704651703,4.0,0.13306701761629258,1.398563950582957,0.272123316513401,random_features,,
so,32,2.0,2.0,10000.0,4.318174019879253e-07,4.0,1.0795435049698132e-07,1.398563950582957,2.207676734290301e-07,random_features,,
sym,32,2.0,2.0,0.01,1.0277088101803535,4.0,0.2569272025450884,1.4504084797432735,0.4885279537334711,random_features,,
sym,32,2.0,2.0,0.1,1.0277088003713017,4.0,0.25692720009282544,1.4504084797432735,0.4885279490706756,random_features,,
sym,32,2.0,2.0,1.0,1.0277078194667357,4.0,0.25692695486668393,1.4504084797432735,0.48852748279141855,random_features,,
sym,32,2.0,2.0,10.0,1.027609735313754,4.0,0.2569024338284385,1.4504084797432735,0.48848085786218265,random_features,,
sym,32,2.0,2.0,100.0,1.0178640135723072,4.0,0.2544660033930768,1.4504084797432735,0.48384816672161596,random_features,,
sym,32,2.0,2.0,1000.0,0.4436243205942975,4.0,0.11090608014857438,1.4504084797432735,0.21087965717477952,random_features,,
sym,32,2.0,2.0,10000.0,1.2172514069069697e-08,4.0,3.043128517267424e-09,1.4504084797432735,5.786282389571935e-09,random_features,,
sl,32,2.0,2.0,0.01,1.97902728083991,4.0,0.4947568202099775,1.9992752314314428,0.4951155994144818,random_features,,
sl,32,2.0,2.0,0.1,1.979027253299388,4.0,0.494756813324847,1.9992752314314428,0.49511559252435844,random_features,,
sl,32,2.0,2.0,1.0,1.9790244992498291,4.0,0.4947561248124573,1.9992752314314428,0.49511490351268517,random_features,,
sl,32,2.0,2.0,10.0,1.9787491200979883,4.0,0.4946872800244971,1.9992752314314428,0.4950460088010509,random_features,,
sl,32,2.0,2.0,100.0,1.9514672048376065,4.0,0.4878668012094016,1.9992752314314428,0.48822058402894447,random_features,,
sl,32,2.0,2.0,1000.0,0.6182595482854616,4.0,0.1545648870713654,1.9992752314314428,0.15467697176623474,random_features,,
sl,32,2.0,2.0,10000.0,3.9848926132702605e-10,4.0,9.962231533175651e-11,1.9992752314314428,9.969455772152373e-11,random_features,,
gl,32,2.0,2.0,0.01,1.979283241289337,4.0,0.49482081032233427,1.9999999999999998,0.4948208103223344,random_features,,
gl,32,2.0,2.0,0.1,1.9792830942242672,4.0,0.4948207735560668,1.9999999999999998,0.4948207735560669,random_features,,
gl,32,2.0,2.0,1.0,1.9792683877907256,4.0,0.4948170969476814,1.9999999999999998,0.4948170969476815,random_features,,
gl,32,2.0,2.0,10.0,1.9777984798895079,4.0,0.49444961997237696,1.9999999999999998,0.4944496199723771,random_features,,
gl,32,2.0,2.0,100.0,1.8378612118310538,4.0,0.45946530295776344,1.9999999999999998,0.45946530295776356,random_features,,
gl,32,2.0,2.0,1000.0,0.03276319752790738,4.0,0.008190799381976845,1.9999999999999998,0.008190799381976846,random_features,,
gl,32,2.0,2.0,10000.0,1.267421478142749e-23,4.0,3.1685536953568725e-24,1.9999999999999998,3.1685536953568732e-24,random_features,,
so,32,4.0,0.5,0.01,0.03523081337771564,0.25,0.14092325351086257,0.36148759104653866,0.26960992933944106,random_features,,
so,32,4.0,0.5,0.1,0.035301511604266464,0.25,0.14120604641706586,0.36148759104653866,0.2701509598192212,random_features,,
so,32,4.0,0.5,1.0,0.036014284141197915,0.25,0.14405713656479166,0.36148759104653866,0.2756055756765643,random_features,,
so,32,4.0,0.5,10.0,0.04317988642699244,0.25,0.17271954570796977,0.36148759104653866,0.33044159394373224,random_features,,
so,32,4.0,0.5,100.0,0.06903664769630147,0.25,0.27614659078520587,0.36148759104653866,0.5283149584904243,random_features,,
so,32,4.0,0.5,1000.0,0.06173305020484342,0.25,0.24693220081937367,0.36148759104653866,0.4724229079015145,random_features,,
so,32,4.0,0.5,10000.0,0.02703183003349018,0.25,0.10812732013396072,0.36148759104653866,0.20686578272004752,random_features,,
sym,32,4.0,0.5,0.01,0.03441076268489298,0.25,0.13764305073957192,0.3640342621533059,0.2596628249139981,random_features,,
sym,32,4.0,0.5,0.1,0.0344435962024902,0.25,0.1377743848099608,0.3640342621533059,0.2599105858837048,random_features,,
sym,32,4.0,0.5,1.0,0.03484920416765956,0.25,0.13939681667063825,0.3640342621533059,0.26297129427334287,random_features,,
sym,32,4.0,0.5,10.0,0.04102814656383724,0.25,0.16411258625534897,0.3640342621533059,0.3095974516841679,random_features,,
sym,32,4.0,0.5,100.0,0.0632239135052195,0.25,0.252895654020878,0.3640342621533059,0.47708619925738877,random_features,,
sym,32,4.0,0.5,1000.0,0.05913018495798719,0.25,0.23652073983194877,0.3640342621533059,0.44619501765994946,random_features,,
sym,32,4.0,0.5,10000.0,0.004328672990400674,0.25,0.017314691961602697,0.3640342621533059,0.03266406696965829,random_features,,
sl,32,4.0,0.5,0.01,0.06717781867609408,0.25,0.26871127470437633,0.4999692409592985,0.2687443389595617,random_features,,
sl,32,4.0,0.5,0.1,0.0672263820950937,0.25,0.2689055283803748,0.4999692409592985,0.26893861653799267,random_features,,
sl,32,4.0,0.5,1.0,0.06778568556882994,0.25,0.27114274227531976,0.4999692409592985,0.27117610571655276,random_features,,
sl,32,4.0,0.5,10.0,0.07846550529037977,0.25,0.31386202116151907,0.4999692409592985,0.31390064110395394,random_features,,
sl,32,4.0,0.5,100.0,0.10831285688901328,0.25,0.4332514275560531,0.4999692409592985,0.43330473806852005,random_features,,
sl,32,4.0,0.5,1000.0,0.12416354430307373,0.25,0.49665417721229493,0.4999692409592985,0.4967152892756882,random_features,,
sl,32,4.0,0.5,10000.0,0.03631414232698554,0.25,0.14525656930794217,0.4999692409592985,0.14527444276814674,random_features,,
gl,32,4.0,0.5,0.01,0.0671856483075425,0.25,0.26874259323017,0.5000000000000002,0.2687425932301698,random_features,,
gl,32,4.0,0.5,0.1,0.06728405196560823,0.25,0.2691362078624329,0.5000000000000002,0.2691362078624327,random_features,,
gl,32,4.0,0.5,1.0,0.06842404941252413,0.25,0.2736961976500965,0.5000000000000002,0.2736961976500963,random_features,,
gl,32,4.0,0.5,10.0,0.08108427263535142,0.25,0.3243370905414057,0.5000000000000002,0.3243370905414054,random_features,,
gl,32,4.0,0.5,100.0,0.1279174150669667,0.25,0.5116696602678668,0.5000000000000002,0.5116696602678663,random_features,,
gl,32,4.0,0.5,1000.0,0.13275589439793847,0.25,0.5310235775917539,0.5000000000000002,0.5310235775917534,random_features,,
gl,32,4.0,0.5,10000.0,0.07382356493964108,0.25,0.2952942597585643,0.5000000000000002,0.29529425975856405,random_features,,
so,32,4.0,1.0,0.01,0.1264286024611601,1.0,0.1264286024611601,0.7224851140088395,0.24220746849762495,random_features,,
so,32,4.0,1.0,0.1,0.12703457202619228,1.0,0.12703457202619228,0.7224851140088395,0.24336836367067838,random_features,,
so,32,4.0,1.0,1.0,0.1335483347252036,1.0,0.1335483347252036,0.7224851140088395,0.2558472010777949,random_features,,
so,32,4.0,1.0,10.0,0.1744108653502887,1.0,0.1744108653502887,0.7224851140088395,0.33413019959586393,random_features,,
so,32,4.0,1.0,100.0,0.2338812813935472,1.0,0.2338812813935472,0.7224851140088395,0.44806153032273216,random_features,,
so,32,4.0,1.0,1000.0,0.1914692475048194,1.0,0.1914692475048194,0.7224851140088395,0.3668100479678589,random_features,,
so,32,4.0,1.0,10000.0,0.0001578053676048952,1.0,0.0001578053676048952,0.7224851140088395,0.0003023179712412053,random_features,,
sym,32,4.0,1.0,0.01,0.14424709119969548,1.0,0.14424709119969548,0.7367082965687847,0.26577611124171735,random_features,,
sym,32,4.0,1.0,0.1,0.1447210448679595,1.0,0.1447210448679595,0.7367082965687847,0.26664937365423685,random_features,,
sym,32,4.0,1.0,1.0,0.14950544326975465,1.0,0.14950544326975465,0.7367082965687847,0.275464655759994,random_features,,
sym,32,4.0,1.0,10.0,0.19457608565261175,1.0,0.19457608565261175,0.7367082965687847,0.3585075785950798,random_features,,
sym,32,4.0,1.0,100.0,0.28594580258214175,1.0,0.28594580258214175,0.7367082965687847,0.526856817729257,random_features,,
sym,32,4.0,1.0,1000.0,0.28032524564216804,1.0,0.28032524564216804,0.7367082965687847,0.5165009086145919,random_features,,
sym,32,4.0,1.0,10000.0,0.050980335091808035,1.0,0.050980335091808035,0.7367082965687847,0.09393156629926555,random_features,,
sl,32,4.0,1.0,0.01,0.2621894747022083,1.0,0.2621894747022083,0.9999995891677146,0.2621896901341433,random_features,,
sl,32,4.0,1.0,0.1,0.26307016882221723,1.0,0.26307016882221723,0.9999995891677146,0.2630703849777878,random_features,,
sl,32,4.0,1.0,1.0,0.2720930587655858,1.0,0.2720930587655858,0.9999995891677146,0.27209328233494995,random_features,,
sl,32,4.0,1.0,10.0,0.3647476522402888,1.0,0.3647476522402888,0.9999995891677146,0.36474795194069665,random_features,,
sl,32,4.0,1.0,100.0,0.5066521573442062,1.0,0.5066521573442062,0.9999995891677146,0.5066525736425902,random_features,,
sl,32,4.0,1.0,1000.0,0.49149107222500193,1.0,0.49149107222500193,0.9999995891677146,0.49149147606605176,random_features,,
sl,32,4.0,1.0,10000.0,0.41044028223949003,1.0,0.41044028223949003,0.9999995891677146,0.41044061948393623,random_features,,
gl,32,4.0,1.0,0.01,0.26229594615272395,1.0,0.26229594615272395,1.0000000000000007,0.2622959461527236,random_features,,
gl,32,4.0,1.0,0.1,0.2629775754589314,1.0,0.2629775754589314,1.0000000000000007,0.2629775754589311,random_features,,
gl,32,4.0,1.0,1.0,0.26978041593090873,1.0,0.26978041593090873,1.0000000000000007,0.2697804159309084,random_features,,
gl,32,4.0,1.0,10.0,0.33388491120571084,1.0,0.33388491120571084,1.0000000000000007,0.3338849112057104,random_features,,
gl,32,4.0,1.0,100.0,0.49058307871851836,1.0,0.49058307871851836,1.0000000000000007,0.4905830787185177,random_features,,
gl,32,4.0,1.0,1000.0,0.4398277339873334,1.0,0.4398277339873334,1.0000000000000007,0.43982773398733277,random_features,,
gl,32,4.0,1.0,10000.0,0.000610849084961885,1.0,0.000610849084961885,1.0000000000000007,0.0006108490849618841,random_features,,
so,32,4.0,2.0,0.01,0.5166028799268486,4.0,0.12915071998171215,1.4097487988555513,0.2599401447626004,random_features,,
so,32,4.0,2.0,0.1,0.5197472969078641,4.0,0.12993682422696604,1.4097487988555513,0.2615223275900653,random_features,,
so,32,4.0,2.0,1.0,0.5519390472404753,4.0,0.13798476181011882,1.4097487988555513,0.277720317509915,random_features,,
so,32,4.0,2.0,10.0,0.7737532877258884,4.0,0.1934383219314721,1.4097487988555513,0.3893310498975258,random_features,,
so,32,4.0,2.0,100.0,0.987513545708118,4.0,0.2468783864270295,1.4097487988555513,0.496889243170199,random_features,,
so,32,4.0,2.0,1000.0,0.9222486672379886,4.0,0.23056216680949715,1.4097487988555513,0.464049778628613,random_features,,
so,32,4.0,2.0,10000.0,0.41706381701763123,4.0,0.10426595425440781,1.4097487988555513,0.20985486760382932,random_features,,
sym,32,4.0,2.0,0.01,0.5769024067355747,4.0,0.14422560168389367,1.498912360586455,0.2567733036797521,random_features,,
sym,32,4.0,2.0,0.1,0.579867031169474,4.0,0.1449667577923685,1.498912360586455,0.25809282740018435,random_features,,
sym,32,4.0,2.0,1.0,0.614824351865658,4.0,0.1537060879664145,1.498912360586455,0.2736519698446463,random_features,,
sym,32,4.0,2.0,10.0,0.8426428949686939,4.0,0.21066072374217348,1.498912360586455,0.37505165074229796,random_features,,
sym,32,4.0,2.0,100.0,1.0213142944084257,4.0,0.2553285736021064,1.498912360586455,0.4545764455283473,random_features,,
sym,32,4.0,2.0,1000.0,1.124394607036528,4.0,0.281098651759132,1.498912360586455,0.5004564281889003,random_features,,
sym,32,4.0,2.0,10000.0,0.9267494373737202,4.0,0.23168735934343004,1.498912360586455,0.41248660421497174,random_features,,
sl,32,4.0,2.0,0.01,1.0586109855308452,4.0,0.2646527463827113,1.9999976006388196,0.26465338138137995,random_features,,
sl,32,4.0,2.0,0.1,1.0609491014456882,4.0,0.26523727536142205,1.9999976006388196,0.2652379117625894,random_features,,
sl,32,4.0,2.0,1.0,1.1196761482339828,4.0,0.2799190370584957,1.9999976006388196,0.2799197086865755,random_features,,
sl,32,4.0,2.0,10.0,1.674311965594267,4.0,0.4185779913985668,1.9999976006388196,0.4185789957201576,random_features,,
sl,32,4.0,2.0,100.0,2.009637802849711,4.0,0.5024094507124277,1.9999976006388196,0.5024106561763297,random_features,,
sl,32,4.0,2.0,1000.0,1.3482882692585947,4.0,0.33707206731464867,1.9999976006388196,0.33707287607373737,random_features,,
sl,32,4.0,2.0,10000.0,1.3344243238834147e-05,4.0,3.336060809708537e-06,1.9999976006388196,3.3360688141377435e-06,random_features,,
gl,32,4.0,2.0,0.01,1.0606955693238411,4.0,0.2651738923309603,2.0000000000000004,0.26517389233096017,random_features,,
gl,32,4.0,2.0,0.1,1.0636509598745456,4.0,0.2659127399686364,2.0000000000000004,0.2659127399686363,random_features,,
gl,32,4.0,2.0,1.0,1.1251405312767477,4.0,0.28128513281918693,2.0000000000000004,0.2812851328191868,random_features,,
gl,32,4.0,2.0,10.0,1.6963245146092225,4.0,0.42408112865230563,2.0000000000000004,0.42408112865230546,random_features,,
gl,32,4.0,2.0,100.0,1.8316064487685417,4.0,0.45790161219213543,2.0000000000000004,0.4579016121921352,random_features,,
gl,32,4.0,2.0,1000.0,0.020354449966833478,4.0,0.0050886124917083695,2.0000000000000004,0.005088612491708367,random_features,,
gl,32,4.0,2.0,10000.0,9.425932121060599e-26,4.0,2.3564830302651496e-26,2.0000000000000004,2.3564830302651485e-26,random_features,,
so,32,16.0,0.5,0.01,0.009933706032145941,0.25,0.039734824128583764,0.36374699042978403,0.07507796393025055,random_features,,
so,32,16.0,0.5,0.1,0.009938158850403481,0.25,0.039752635401613924,0.36374699042978403,0.07511161788854626,random_features,,
so,32,16.0,0.5,1.0,0.01001767415038254,0.25,0.04007069660153016,0.36374699042978403,0.07571258663116982,random_features,,
so,32,16.0,0.5,10.0,0.013228468058700777,0.25,0.05291387223480311,0.36374699042978403,0.09997944820892375,random_features,,
so,32,16.0,0.5,100.0,0.03910029139562592,0.25,0.1564011655825037,0.36374699042978403,0.2955161203244233,random_features,,
so,32,16.0,0.5,1000.0,0.06330347504046659,0.25,0.25321390016186635,0.36374699042978403,0.4784413793168148,random_features,,
so,32,16.0,0.5,10000.0,0.03297799820006325,0.25,0.131911992800253,0.36374699042978403,0.24924443619974457,random_features,,
sym,32,16.0,0.5,0.01,0.010694234034304759,0.25,0.042776936137219036,0.37074906204245994,0.07780178517714798,random_features,,
sym,32,16.0,0.5,0.1,0.010701548550874122,0.25,0.04280619420349649,0.37074906204245994,0.07785499912823403,random_features,,
sym,32,16.0,0.5,1.0,0.010779386329970251,0.25,0.043117545319881004,0.37074906204245994,0.07842127794245085,random_features,,
sym,32,16.0,0.5,10.0,0.012378182471956004,0.25,0.049512729887824014,0.37074906204245994,0.09005270414668531,random_features,,
sym,32,16.0,0.5,100.0,0.05101791019440512,0.25,0.20407164077762047,0.37074906204245994,0.3711611767985944,random_features,,
sym,32,16.0,0.5,1000.0,0.06146640260967513,0.25,0.24586561043870053,0.37074906204245994,0.447175163374001,random_features,,
sym,32,16.0,0.5,10000.0,0.025462345586998843,0.25,0.10184938234799537,0.37074906204245994,0.18524149884052665,random_features,,
sl,32,16.0,0.5,0.01,0.01858475909127834,0.25,0.07433903636511335,0.499999083842152,0.07433930879102842,random_features,,
sl,32,16.0,0.5,0.1,0.018600553115300077,0.25,0.07440221246120031,0.499999083842152,0.07440248511863311,random_features,,
sl,32,16.0,0.5,1.0,0.018784692601720124,0.25,0.0751387704068805,0.499999083842152,0.07513904576353408,random_features,,
sl,32,16.0,0.5,10.0,0.023899644916636934,0.25,0.09559857966654774,0.499999083842152,0.09559893000106669,random_features,,
sl,32,16.0,0.5,100.0,0.08742794687967502,0.25,0.3497117875187001,0.499999083842152,0.3497130690870171,random_features,,
sl,32,16.0,0.5,1000.0,0.1256541423544681,0.25,0.5026165694178724,0.499999083842152,0.5026184113273932,random_features,,
sl,32,16.0,0.5,10000.0,0.014542784690007195,0.25,0.05817113876002878,0.499999083842152,0.05817135193639589,random_features,,
gl,32,16.0,0.5,0.01,0.018655895810809685,0.25,0.07462358324323874,0.5000000000000002,0.07462358324323867,random_features,,
gl,32,16.0,0.5,0.1,0.018666997372902436,0.25,0.07466798949160974,0.5000000000000002,0.07466798949160967,random_features,,
gl,32,16.0,0.5,1.0,0.018810222259050734,0.25,0.07524088903620293,0.5000000000000002,0.07524088903620287,random_features,,
gl,32,16.0,0.5,10.0,0.02427591291457504,0.25,0.09710365165830016,0.5000000000000002,0.09710365165830008,random_features,,
gl,32,16.0,0.5,100.0,0.0899593829501642,0.25,0.3598375318006568,0.5000000000000002,0.3598375318006565,random_features,,
gl,32,16.0,0.5,1000.0,0.11565403797605948,0.25,0.46261615190423794,0.5000000000000002,0.46261615190423755,random_features,,
gl,32,16.0,0.5,10000.0,0.005744310920022107,0.25,0.022977243680088428,0.5000000000000002,0.022977243680088407,random_features,,
so,32,16.0,1.0,0.01,0.0396803862927551,1.0,0.0396803862927551,0.7243888696718469,0.07561924796842714,random_features,,
so,32,16.0,1.0,0.1,0.03974529331847944,1.0,0.03974529331847944,0.7243888696718469,0.07574294183665034,random_features,,
so,32,16.0,1.0,1.0,0.04058251445162649,1.0,0.04058251445162649,0.7243888696718469,0.07733844123539017,random_features,,
so,32,16.0,1.0,10.0,0.07157340852076713,1.0,0.07157340852076713,0.7243888696718469,0.13639805033515048,random_features,,
so,32,16.0,1.0,100.0,0.22640600867437585,1.0,0.22640600867437585,0.7243888696718469,0.43146384677750493,random_features,,
so,32,16.0,1.0,1000.0,0.1959622659445187,1.0,0.1959622659445187,0.7243888696718469,0.373446948615493,random_features,,
so,32,16.0,1.0,10000.0,0.0002590254010217016,1.0,0.0002590254010217016,0.7243888696718469,0.0004936268988277872,random_features,,
sym,32,16.0,1.0,0.01,0.041731601745468194,1.0,0.041731601745468194,0.7452146948753079,0.07514537115598616,random_features,,
sym,32,16.0,1.0,0.1,0.041798950019520276,1.0,0.041798950019520276,0.7452146948753079,0.07526664402447625,random_features,,
sym,32,16.0,1.0,1.0,0.042652162092545735,1.0,0.042652162092545735,0.7452146948753079,0.07680300819983955,random_features,,
sym,32,16.0,1.0,10.0,0.07751102191103071,1.0,0.07751102191103071,0.7452146948753079,0.13957275222048468,random_features,,
sym,32,16.0,1.0,100.0,0.24285917020368203,1.0,0.24285917020368203,0.7452146948753079,0.4373122938079489,random_features,,
sym,32,16.0,1.0,1000.0,0.19032298587183996,1.0,0.19032298587183996,0.7452146948753079,0.34271129826470237,random_features,,
sym,32,16.0,1.0,10000.0,5.1140976593531414e-05,1.0,5.1140976593531414e-05,0.7452146948753079,9.208866917785744e-05,random_features,,
sl,32,16.0,1.0,0.01,0.07461470147103194,1.0,0.07461470147103194,0.9999986909888954,0.07461489681436109,random_features,,
sl,32,16.0,1.0,0.1,0.07471875096946028,1.0,0.07471875096946028,0.9999986909888954,0.07471894658519386,random_features,,
sl,32,16.0,1.0,1.0,0.07618854641678185,1.0,0.07618854641678185,0.9999986909888954,0.07618874588048011,random_features,,
sl,32,16.0,1.0,10.0,0.1330757264546777,1.0,0.1330757264546777,0.9999986909888954,0.13307607485056913,random_features,,
sl,32,16.0,1.0,100.0,0.49219372908824094,1.0,0.49219372908824094,0.9999986909888954,0.4921950176648851,random_features,,
sl,32,16.0,1.0,1000.0,0.32113584816905144,1.0,0.32113584816905144,0.9999986909888954,0.32113668891148495,random_features,,
sl,32,16.0,1.0,10000.0,1.8217693831833872e-06,1.0,1.8217693831833872e-06,0.9999986909888954,1.8217741526254573e-06,random_features,,
gl,32,16.0,1.0,0.01,0.0746150237864204,1.0,0.0746150237864204,1.0000000000000004,0.07461502378642033,random_features,,
gl,32,16.0,1.0,0.1,0.07470644813989982,1.0,0.07470644813989982,1.0000000000000004,0.07470644813989975,random_features,,
gl,32,16.0,1.0,1.0,0.07620662190643054,1.0,0.07620662190643054,1.0000000000000004,0.07620662190643047,random_features,,
gl,32,16.0,1.0,10.0,0.14168378384902372,1.0,0.14168378384902372,1.0000000000000004,0.14168378384902358,random_features,,
gl,32,16.0,1.0,100.0,0.44333745498147725,1.0,0.44333745498147725,1.0000000000000004,0.44333745498147686,random_features,,
gl,32,16.0,1.0,1000.0,0.34643080826585193,1.0,0.34643080826585193,1.0000000000000004,0.3464308082658516,random_features,,
gl,32,16.0,1.0,10000.0,1.1431771362073927e-05,1.0,1.1431771362073927e-05,1.0000000000000004,1.1431771362073917e-05,random_features,,
so,32,16.0,2.0,0.01,0.15907533344738997,4.0,0.03976883336184749,1.4422631061189015,0.07647400831472558,random_features,,
so,32,16.0,2.0,0.1,0.15946065093060566,4.0,0.039865162732651414,1.4422631061189015,0.07665924616258456,random_features,,
so,32,16.0,2.0,1.0,0.16687389694191435,4.0,0.041718474235478586,1.4422631061189015,0.08022309622545694,random_features,,
so,32,16.0,2.0,10.0,0.4091285242631648,4.0,0.1022821310657912,1.4422631061189015,0.1966847875672708,random_features,,
so,32,16.0,2.0,100.0,0.9979034288994244,4.0,0.2494758572248561,1.4422631061189015,0.47973292568446196,random_features,,
so,32,16.0,2.0,1000.0,0.9596944114600525,4.0,0.23992360286501313,1.4422631061189015,0.4613642908117122,random_features,,
so,32,16.0,2.0,10000.0,0.11603813655360898,4.0,0.029009534138402245,1.4422631061189015,0.05578427042908426,random_features,,
sym,32,16.0,2.0,0.01,0.16477292171953298,4.0,0.041193230429883244,1.4746865197330283,0.07576810438393645,random_features,,
sym,32,16.0,2.0,0.1,0.1655510368342002,4.0,0.04138775920855005,1.4746865197330283,0.07612590775730368,random_features,,
sym,32,16.0,2.0,1.0,0.17881548730373859,4.0,0.044703871825934646,1.4746865197330283,0.08222534604657691,random_features,,
sym,32,16.0,2.0,10.0,0.5036518777929571,4.0,0.12591296944823926,1.4746865197330283,0.2315959907219307,random_features,,
sym,32,16.0,2.0,100.0,0.9577498078330686,4.0,0.23943745195826716,1.4746865197330283,0.44040541768816976,random_features,,
sym,32,16.0,2.0,1000.0,0.46570975889725097,4.0,0.11642743972431274,1.4746865197330283,0.21414893452460898,random_features,,
sym,32,16.0,2.0,10000.0,1.4786041226230965e-08,4.0,3.6965103065577413e-09,1.4746865197330283,6.79911664709802e-09,random_features,,
sl,32,16.0,2.0,0.01,0.29727849056198286,4.0,0.07431962264049571,1.9999999977288196,0.07431962280928898,random_features,,
sl,32,16.0,2.0,0.1,0.298178788123569,4.0,0.07454469703089225,1.9999999977288196,0.0745446972001967,random_features,,
sl,32,16.0,2.0,1.0,0.3155337606023361,4.0,0.07888344015058403,1.9999999977288196,0.07888344032974255,random_features,,
sl,32,16.0,2.0,10.0,0.9062777271810919,4.0,0.22656943179527297,1.9999999977288196,0.22656943230985302,random_features,,
sl,32,16.0,2.0,100.0,1.924078696059735,4.0,0.48101967401493373,1.9999999977288196,0.48101967510741617,random_features,,
sl,32,16.0,2.0,1000.0,1.1414298814565744,4.0,0.2853574703641436,1.9999999977288196,0.2853574710122419,random_features,,
sl,32,16.0,2.0,10000.0,1.6361308673750193e-06,4.0,4.0903271684375483e-07,1.9999999977288196,4.090327177727419e-07,random_features,,
gl,32,16.0,2.0,0.01,0.29802900915214753,4.0,0.07450725228803688,2.0000000000000018,0.07450725228803674,random_features,,
gl,32,16.0,2.0,0.1,0.2989351157157773,4.0,0.07473377892894432,2.0000000000000018,0.07473377892894419,random_features,,
gl,32,16.0,2.0,1.0,0.31605844710710584,4.0,0.07901461177677646,2.0000000000000018,0.07901461177677632,random_features,,
gl,32,16.0,2.0,10.0,0.9246645063757584,4.0,0.2311661265939396,2.0000000000000018,0.23116612659393918,random_features,,
gl,32,16.0,2.0,100.0,1.953187867522147,4.0,0.48829696688053675,2.0000000000000018,0.48829696688053587,random_features,,
gl,32,16.0,2.0,1000.0,0.9638306727499089,4.0,0.24095766818747721,2.0000000000000018,0.2409576681874768,random_features,,
gl,32,16.0,2.0,10000.0,2.6301915554000872e-08,4.0,6.575478888500218e-09,2.0000000000000018,6.5754788885002065e-09,random_features,,
so,32,64.0,0.5,0.01,0.0034512433203939324,0.25,0.01380497328157573,0.3738488992153843,0.02469354073760471,random_features,,
so,32,64.0,0.5,0.1,0.003453147132060153,0.25,0.013812588528240612,0.3738488992153843,0.02470716245203404,random_features,,
so,32,64.0,0.5,1.0,0.003474293224567307,0.25,0.013897172898269227,0.3738488992153843,0.024858462099231027,random_features,,
so,32,64.0,0.5,10.0,0.003894677788741117,0.25,0.015578711154964469,0.3738488992153843,0.027866300839416203,random_features,,
so,32,64.0,0.5,100.0,0.032116126857220484,0.25,0.12846450742888194,0.3738488992153843,0.22978990852268655,random_features,,
so,32,64.0,0.5,1000.0,0.060024141133258636,0.25,0.24009656453303455,0.3738488992153843,0.42947089982188624,random_features,,
so,32,64.0,0.5,10000.0,0.0539751541949927,0.25,0.2159006167799708,0.3738488992153843,0.38619058269714085,random_features,,
sym,32,64.0,0.5,0.01,0.003424648518112982,0.25,0.013698594072451928,0.3761414431215293,0.024205476268016498,random_features,,
sym,32,64.0,0.5,0.1,0.003426343343961406,0.25,0.013705373375845624,0.3761414431215293,0.024217455327074814,random_features,,
sym,32,64.0,0.5,1.0,0.003445617531018218,0.25,0.013782470124072872,0.3761414431215293,0.02435368562192739,random_features,,
sym,32,64.0,0.5,10.0,0.0042286249946675205,0.25,0.016914499978670082,0.3761414431215293,0.029887996217248376,random_features,,
sym,32,64.0,0.5,100.0,0.03616203218481166,0.25,0.14464812873924665,0.3761414431215293,0.2555938827658197,random_features,,
sym,32,64.0,0.5,1000.0,0.05806042193225823,0.25,0.23224168772903292,0.3761414431215293,0.4103720886272676,random_features,,
sym,32,64.0,0.5,10000.0,0.0036611711966768714,0.25,0.014644684786707485,0.3761414431215293,0.025877222741427012,random_features,,
sl,32,64.0,0.5,0.01,0.005921798604485765,0.25,0.02368719441794306,0.4999990727095677,0.02368728227782248,random_features,,
sl,32,64.0,0.5,0.1,0.005924081468956682,0.25,0.023696325875826728,0.4999990727095677,0.023696413769576295,random_features,,
sl,32,64.0,0.5,1.0,0.005952810806786371,0.25,0.023811243227145482,0.4999990727095677,0.023811331547143277,random_features,,
sl,32,64.0,0.5,10.0,0.007334379632619232,0.25,0.02933751853047693,0.4999990727095677,0.029337627348380607,random_features,,
sl,32,64.0,0.5,100.0,0.07612003650610025,0.25,0.304480146024401,0.4999990727095677,0.30448127539364767,random_features,,
sl,32,64.0,0.5,1000.0,0.11961884914867044,0.25,0.47847539659468175,0.4999990727095677,0.4784771713422482,random_features,,
sl,32,64.0,0.5,10000.0,0.11616901095905804,0.25,0.4646760438362322,0.4999990727095677,0.46467776739962513,random_features,,
gl,32,64.0,0.5,0.01,0.005922458957145211,0.25,0.023689835828580846,0.5000000000000003,0.023689835828580814,random_features,,
gl,32,64.0,0.5,0.1,0.005924244954072252,0.25,0.02369697981628901,0.5000000000000003,0.023696979816288977,random_features,,
gl,32,64.0,0.5,1.0,0.005945052218386521,0.25,0.023780208873546083,0.5000000000000003,0.023780208873546052,random_features,,
gl,32,64.0,0.5,10.0,0.008234992864432897,0.25,0.03293997145773159,0.5000000000000003,0.032939971457731546,random_features,,
gl,32,64.0,0.5,100.0,0.0691992174156558,0.25,0.2767968696626232,0.5000000000000003,0.2767968696626228,random_features,,
gl,32,64.0,0.5,1000.0,0.12138148738995173,0.25,0.48552594955980694,0.5000000000000003,0.48552594955980627,random_features,,
gl,32,64.0,0.5,10000.0,0.056414910527783156,0.25,0.22565964211113262,0.5000000000000003,0.22565964211113232,random_features,,
so,32,64.0,1.0,0.01,0.01378123883575606,1.0,0.01378123883575606,0.7352005127896413,0.025496270420763203,random_features,,
so,32,64.0,1.0,0.1,0.013799517787671356,1.0,0.013799517787671356,0.7352005127896413,0.025530087779753553,random_features,,
so,32,64.0,1.0,1.0,0.014006485849313039,1.0,0.014006485849313039,0.7352005127896413,0.025912993390124834,random_features,,
so,32,64.0,1.0,10.0,0.023333797109739998,1.0,0.023333797109739998,0.7352005127896413,0.04316918153320107,random_features,,
so,32,64.0,1.0,100.0,0.20851115822124044,1.0,0.20851115822124044,0.7352005127896413,0.38576044861525915,random_features,,
so,32,64.0,1.0,1000.0,0.24212998213920908,1.0,0.24212998213920908,0.7352005127896413,0.4479576600601855,random_features,,
so,32,64.0,1.0,10000.0,0.22416571453784212,1.0,0.22416571453784212,0.7352005127896413,0.41472248939562606,random_features,,
sym,32,64.0,1.0,0.01,0.01406118073025048,1.0,0.01406118073025048,0.7583670408153128,0.02444910075917141,random_features,,
sym,32,64.0,1.0,0.1,0.014072976203580868,1.0,0.014072976203580868,0.7583670408153128,0.024469610325294572,random_features,,
sym,32,64.0,1.0,1.0,0.014214781701580958,1.0,0.014214781701580958,0.7583670408153128,0.024716176881497774,random_features,,
sym,32,64.0,1.0,10.0,0.025351930772884362,1.0,0.025351930772884362,0.7583670408153128,0.04408107126966333,random_features,,
sym,32,64.0,1.0,100.0,0.20486992525870135,1.0,0.20486992525870135,0.7583670408153128,0.3562208281981651,random_features,,
sym,32,64.0,1.0,1000.0,0.2220058163254403,1.0,0.2220058163254403,0.7583670408153128,0.3860161302660465,random_features,,
sym,32,64.0,1.0,10000.0,0.003103006182649722,1.0,0.003103006182649722,0.7583670408153128,0.005395401159500171,random_features,,
sl,32,64.0,1.0,0.01,0.023759208440666684,1.0,0.023759208440666684,0.9999997973875085,0.023759218068494445,random_features,,
sl,32,64.0,1.0,0.1,0.023770312969360368,1.0,0.023770312969360368,0.9999997973875085,0.02377032260168796,random_features,,
sl,32,64.0,1.0,1.0,0.02396678644087876,1.0,0.02396678644087876,0.9999997973875085,0.023966796152822337,random_features,,
sl,32,64.0,1.0,10.0,0.04563607412906939,1.0,0.04563607412906939,0.9999997973875085,0.04563609262195237,random_features,,
sl,32,64.0,1.0,100.0,0.4398721268461484,1.0,0.4398721268461484,0.9999997973875085,0.43987230509337766,random_features,,
sl,32,64.0,1.0,1000.0,0.4704785372310151,1.0,0.4704785372310151,0.9999997973875085,0.47047872788073025,random_features,,
sl,32,64.0,1.0,10000.0,0.006748021171163636,1.0,0.006748021171163636,0.9999997973875085,0.00674802390563123,random_features,,
gl,32,64.0,1.0,0.01,0.023788375689019585,1.0,0.023788375689019585,1.000000000000001,0.023788375689019533,random_features,,
gl,32,64.0,1.0,0.1,0.023807190428924686,1.0,0.023807190428924686,1.000000000000001,0.023807190428924634,random_features,,
gl,32,64.0,1.0,1.0,0.024054951823074967,1.0,0.024054951823074967,1.000000000000001,0.024054951823074915,random_features,,
gl,32,64.0,1.0,10.0,0.044214969822822976,1.0,0.044214969822822976,1.000000000000001,0.04421496982282288,random_features,,
gl,32,64.0,1.0,100.0,0.3541113367374987,1.0,0.3541113367374987,1.000000000000001,0.35411133673749795,random_features,,
gl,32,64.0,1.0,1000.0,0.48692065351662633,1.0,0.48692065351662633,1.000000000000001,0.4869206535166253,random_features,,
gl,32,64.0,1.0,10000.0,0.045642089745979116,1.0,0.045642089745979116,1.000000000000001,0.04564208974597901,random_features,,
so,32,64.0,2.0,0.01,0.05292029791725923,4.0,0.013230074479314808,1.4612134554935612,0.024785344228797558,random_features,,
so,32,64.0,2.0,0.1,0.05302414900719947,4.0,0.013256037251799867,1.4612134554935612,0.024833983127556764,random_features,,
so,32,64.0,2.0,1.0,0.05457558350948157,4.0,0.013643895877370393,1.4612134554935612,0.025560601073805218,random_features,,
so,32,64.0,2.0,10.0,0.146684950878691,4.0,0.03667123771967275,1.4612134554935612,0.06870023684290152,random_features,,
so,32,64.0,2.0,100.0,0.9645647052392601,4.0,0.24114117630981502,1.4612134554935612,0.45175611610657146,random_features,,
so,32,64.0,2.0,1000.0,0.9849578985946552,4.0,0.2462394746486638,1.4612134554935612,0.46130731549755316,random_features,,
so,32,64.0,2.0,10000.0,0.2549523780672397,4.0,0.06373809451680992,1.4612134554935612,0.11940753739192746,random_features,,
sym,32,64.0,2.0,0.01,0.05452780845055648,4.0,0.01363195211263912,1.4782722699306732,0.024952219520997965,random_features,,
sym,32,64.0,2.0,0.1,0.054642322748363975,4.0,0.013660580687090994,1.4782722699306732,0.025004621881891977,random_features,,
sym,32,64.0,2.0,1.0,0.05634575119869121,4.0,0.014086437799672802,1.4782722699306732,0.025784119936896693,random_features,,
sym,32,64.0,2.0,10.0,0.1672213538620918,4.0,0.04180533846552295,1.4782722699306732,0.07652139428909714,random_features,,
sym,32,64.0,2.0,100.0,0.8906391456739053,4.0,0.22265978641847634,1.4782722699306732,0.40756128126808244,random_features,,
sym,32,64.0,2.0,1000.0,0.4828338279456392,4.0,0.1207084569864098,1.4782722699306732,0.2209473662963691,random_features,,
sym,32,64.0,2.0,10000.0,4.472674481949756e-08,4.0,1.118168620487439e-08,1.4782722699306732,2.0467199891367943e-08,random_features,,
sl,32,64.0,2.0,0.01,0.09274659732255632,4.0,0.02318664933063908,1.9999999948844789,0.023186649449250873,random_features,,
sl,32,64.0,2.0,0.1,0.09299243495941943,4.0,0.023248108739854858,1.9999999948844789,0.02324810885878105,random_features,,
sl,32,64.0,2.0,1.0,0.09654224536571997,4.0,0.024135561341429992,1.9999999948844789,0.024135561464895965,random_features,,
sl,32,64.0,2.0,10.0,0.2964958650292846,4.0,0.07412396625732115,1.9999999948844789,0.07412396663650386,random_features,,
sl,32,64.0,2.0,100.0,1.8308781890431258,4.0,0.45771954726078146,1.9999999948844789,0.45771954960225547,random_features,,
sl,32,64.0,2.0,1000.0,1.703219590791112,4.0,0.425804897697778,1.9999999948844789,0.42580489987599196,random_features,,
sl,32,64.0,2.0,10000.0,0.002507748548559821,4.0,0.0006269371371399553,1.9999999948844789,0.0006269371403470654,random_features,,
gl,32,64.0,2.0,0.01,0.09277768880664687,4.0,0.023194422201661718,2.0000000000000018,0.023194422201661676,random_features,,
gl,32,64.0,2.0,0.1,0.09302585067972813,4.0,0.023256462669932032,2.0000000000000018,0.02325646266993199,random_features,,
gl,32,64.0,2.0,1.0,0.09716669249489673,4.0,0.024291673123724183,2.0000000000000018,0.024291673123724142,random_features,,
gl,32,64.0,2.0,10.0,0.3567206802895039,4.0,0.08918017007237597,2.0000000000000018,0.08918017007237582,random_features,,
gl,32,64.0,2.0,100.0,1.882951353019199,4.0,0.47073783825479976,2.0000000000000018,0.4707378382547989,random_features,,
gl,32,64.0,2.0,1000.0,1.9760448819093843,4.0,0.4940112204773461,2.0000000000000018,0.4940112204773452,random_features,,
gl,32,64.0,2.0,10000.0,0.5707853010763445,4.0,0.14269632526908613,2.0000000000000018,0.14269632526908588,random_features,,
so,32,,1.0,0.01,0.9999999999999996,1.0,0.9999999999999996,,,exact_witness,,
so,32,,1.0,0.1,0.9999999999999996,1.0,0.9999999999999996,,,exact_witness,,
so,32,,1.0,1.0,0.9999999999999996,1.0,0.9999999999999996,,,exact_witness,,
so,32,,1.0,10.0,0.9999999999999996,1.0,0.9999999999999996,,,exact_witness,,
so,32,,1.0,100.0,0.9999999999999996,1.0,0.9999999999999996,,,exact_witness,,
so,32,,1.0,1000.0,0.9999999999999996,1.0,0.9999999999999996,,,exact_witness,,
so,32,,1.0,10000.0,0.9999999999999996,1.0,0.9999999999999996,,,exact_witness,,
sym,32,,1.0,0.01,0.9999999999999993,1.0,0.9999999999999993,,,exact_witness,,
sym,32,,1.0,0.1,0.9999999999999993,1.0,0.9999999999999993,,,exact_witness,,
sym,32,,1.0,1.0,0.9999999999999992,1.0,0.9999999999999992,,,exact_witness,,
sym,32,,1.0,10.0,0.9999999999999991,1.0,0.9999999999999991,,,exact_witness,,
sym,32,,1.0,100.0,0.9999999999999996,1.0,0.9999999999999996,,,exact_witness,,
sym,32,,1.0,1000.0,0.9999999999999994,1.0,0.9999999999999994,,,exact_witness,,
sym,32,,1.0,10000.0,0.9999999999999994,1.0,0.9999999999999994,,,exact_witness,,
sl,32,,1.0,0.01,0.9999999999999998,1.0,0.9999999999999998,,,exact_witness,,
sl,32,,1.0,0.1,0.9999999999999998,1.0,0.9999999999999998,,,exact_witness,,
sl,32,,1.0,1.0,0.9999999999999998,1.0,0.9999999999999998,,,exact_witness,,
sl,32,,1.0,10.0,0.9999999999999996,1.0,0.9999999999999996,,,exact_witness,,
sl,32,,1.0,100.0,0.9999999999999996,1.0,0.9999999999999996,,,exact_witness,,
sl,32,,1.0,1000.0,0.9999999999999993,1.0,0.9999999999999993,,,exact_witness,,
sl,32,,1.0,10000.0,0.9999999999999996,1.0,0.9999999999999996,,,exact_witness,,
gl,32,,1.0,0.01,1.0000000000000004,1.0,1.0000000000000004,,,exact_witness,,
gl,32,,1.0,0.1,1.0000000000000004,1.0,1.0000000000000004,,,exact_witness,,
gl,32,,1.0,1.0,1.0000000000000004,1.0,1.0000000000000004,,,exact_witness,,
gl,32,,1.0,10.0,1.0000000000000002,1.0,1.0000000000000002,,,exact_witness,,
gl,32,,1.0,100.0,1.0000000000000004,1.0,1.0000000000000004,,,exact_witness,,
gl,32,,1.0,1000.0,1.0,1.0,1.0,,,exact_witness,,
gl,32,,1.0,10000.0,1.0000000000000002,1.0,1.0000000000000002,,,exact_witness,,
so,8,,,0.1,0.14427687553423674,1.0,0.14427687553423674,0.7043949741563819,0.290779798592683,adversarial_sup,0.14240006895895974,0.28699722819853163
so,8,,,1.0,0.18327799644973986,1.0,0.18327799644973986,0.7043949741563819,0.3693837886132995,adversarial_sup,0.16577086691970735,0.33409941209884664
so,8,,,10.0,0.2741924038651175,1.0,0.2741924038651175,0.7043949741563819,0.5526153215913158,adversarial_sup,0.2700314546690853,0.5442292239253075
so,8,,,100.0,0.27749837712940134,1.0,0.27749837712940134,0.7043949741563819,0.559278275972478,adversarial_sup,0.2769498124117701,0.5581726827336639
sym,8,,,0.1,0.20604414921616493,1.0,0.20604414921616493,0.7931118328409502,0.3275604266632079,adversarial_sup,0.20414843339116479,0.32454669641737705
sym,8,,,1.0,0.24690364890055616,1.0,0.24690364890055616,0.7931118328409502,0.3925171614250527,adversarial_sup,0.22351581026073103,0.35533614739123925
sym,8,,,10.0,0.3508753119147897,1.0,0.3508753119147897,0.7931118328409502,0.5578069909464712,adversarial_sup,0.3189812286430427,0.5071031026571466
sym,8,,,100.0,0.3574204961925676,1.0,0.3574204961925676,0.7931118328409502,0.5682122529389824,adversarial_sup,0.35665577911348745,0.5669965375029796
sl,8,,,0.1,0.33954116945298374,1.0,0.33954116945298374,0.9998436180152471,0.3396473906129167,adversarial_sup,0.33195150603990864,0.33205535286964616
sl,8,,,1.0,0.450583835043354,1.0,0.450583835043354,0.9998436180152471,0.45072479449661396,adversarial_sup,0.38067072676809427,0.3807898147897765
sl,8,,,10.0,0.6275995164125424,1.0,0.6275995164125424,0.9998436180152471,0.6277958529826088,adversarial_sup,0.5944979013823817,0.5946838825308954
sl,8,,,100.0,0.5785229994696529,1.0,0.5785229994696529,0.9998436180152471,0.5787039830721732,adversarial_sup,0.5941190550052754,0.5943049176364922
gl,8,,,0.1,0.3397587196647482,1.0,0.3397587196647482,1.0000000000000002,0.339758719664748,adversarial_sup,0.33071522623842453,0.33071522623842436
gl,8,,,1.0,0.451750776841909,1.0,0.451750776841909,1.0000000000000002,0.4517507768419088,adversarial_sup,0.3709737298321898,0.3709737298321896
gl,8,,,10.0,0.6309362663439981,1.0,0.6309362663439981,1.0000000000000002,0.6309362663439978,adversarial_sup,0.5534894010405442,0.553489401040544
gl,8,,,100.0,0.6123394248245293,1.0,0.6123394248245293,1.0000000000000002,0.6123394248245291,adversarial_sup,0.63507572484418,0.6350757248441796
