subspace,n,radius,ratio1,ratio2,fd_err,h,triple
so,2,0.1,0.9999999999999999,0.7071067811863477,4.4172547332966213e-10,,
so,2,0.1,0.9999999999999999,0.7071067811863477,4.4172547332966213e-10,,
so,2,0.1,0.9999999999999999,0.7071067811863477,4.4172547332966213e-10,,
so,2,0.1,0.9999999999999999,0.7071067811863477,4.4172547332966213e-10,,
so,2,0.1,0.9999999999999999,0.7071067811864458,4.4172547605467186e-10,,
so,2,1.0,1.0000000000000002,0.7071067811838073,4.3878062544623334e-10,,
so,2,1.0,1.0,0.7071067811846365,4.3973741043026587e-10,,
so,2,1.0,0.9999999999999999,0.7071067811839296,4.388869208731263e-10,,
so,2,1.0,1.0000000000000002,0.7071067811838074,4.3878062544623334e-10,,
so,2,1.0,0.9999999999999999,0.7071067811853844,4.3993051400534956e-10,,
so,2,10.0,1.0,0.7071067811860966,4.3885084826761827e-10,,
so,2,10.0,1.0,0.7071067811859074,4.3745058982591407e-10,,
so,2,10.0,1.0,0.7071067811859074,4.3745058982591407e-10,,
so,2,10.0,1.0,0.7071067811859074,4.3745058982591407e-10,,
so,2,10.0,1.0,0.7071067811860966,4.3885084826761827e-10,,
so,2,100.0,0.9999999999999999,0.7071067814281364,6.667984352542103e-10,,
so,2,100.0,0.9999999999999999,0.7071067814281365,6.667984352542103e-10,,
so,2,100.0,0.9999999999999999,0.7071067814281364,6.667984352542103e-10,,
so,2,100.0,0.9999999999999998,0.7071067814301976,6.684183607807356e-10,,
so,2,100.0,0.9999999999999999,0.7071067814281365,6.667984352542103e-10,,
so,2,1000.0,1.000000000000001,0.7071067811639291,7.902042112348531e-10,,
so,2,1000.0,1.000000000000001,0.7071067811639291,7.902042112348531e-10,,
so,2,1000.0,1.000000000000001,0.7071067811639291,7.902042112348531e-10,,
so,2,1000.0,1.0000000000000009,0.7071067811628419,7.883535560634283e-10,,
so,2,1000.0,1.0000000000000184,0.7071067809881714,7.228188860162996e-10,,
so,4,0.1,0.9998317931364319,0.6096630108975658,3.6507061742339757e-10,,
so,4,0.1,0.999943557667015,0.36104045924337125,1.730828957224125e-10,,
so,4,0.1,0.9997628762342538,0.5238670348485965,2.650975834936169e-10,,
so,4,0.1,0.9998242419196095,0.35878658691035026,1.3124549358646792e-10,,
so,4,0.1,0.999838527495241,0.45267517376187943,2.401961257633709e-10,,
so,4,1.0,0.9783485399077667,0.4349832028383716,2.1050007295282453e-10,,
so,4,1.0,0.9931888761356344,0.32565199489586766,9.870149138066469e-11,,
so,4,1.0,0.9828041644792618,0.2721060701764191,1.0585112511745495e-10,,
so,4,1.0,0.985603835543857,0.49381591093887744,2.7172550271376273e-10,,
so,4,1.0,0.9733934822800682,0.4134148043288983,1.8161190159351254e-10,,
so,4,10.0,0.70814453419671,0.23999510720732936,9.932339534362834e-11,,
so,4,10.0,0.5764735187626937,0.11289165030383995,2.967433006964661e-11,,
so,4,10.0,0.4016578772935835,0.12710381975817167,3.426424996268319e-11,,
so,4,10.0,0.5697439689206993,0.13420189705507396,3.568259988306906e-11,,
so,4,10.0,0.38715761278513394,0.060293319555372524,1.9521330095430786e-11,,
so,4,100.0,0.6853554196152798,0.2500738219884848,7.45647735068079e-11,,
so,4,100.0,0.8056556771377003,0.2253764190766854,8.266079002109598e-11,,
so,4,100.0,0.9119310562785137,0.06730080994913304,5.784365245794653e-11,,
so,4,100.0,0.21648069719035223,0.04170646543241471,1.826133482895096e-11,,
so,4,100.0,0.21312747399548324,0.05781786175691802,3.883204752284836e-12,,
so,4,1000.0,0.7620079679220509,0.12010920977739196,2.0929109515935402e-10,,
so,4,1000.0,0.18596718177505417,0.05704097279304935,1.0903122487805126e-10,,
so,4,1000.0,0.48824642908602545,0.14544407597279457,3.3215144299540224e-10,,
so,4,1000.0,0.5117514374408886,0.15722625673200494,2.3004022549382528e-10,,
so,4,1000.0,0.5631880438428796,0.08159421569210405,2.208895382344117e-10,,
so,8,0.1,0.9999095098535586,0.24576515375787142,5.4079703574683813e-11,,
so,8,0.1,0.9998965083251729,0.2893794481569707,6.527354246161847e-11,,
so,8,0.1,0.9999410423607269,0.31303216574512394,7.925574156099071e-11,,
so,8,0.1,0.9999269804002204,0.24925197413541408,5.171292965169986e-11,,
so,8,0.1,0.9998882283262347,0.33781513138228103,9.619459199711537e-11,,
so,8,1.0,0.9919484208316355,0.24992160478626105,6.185298668198188e-11,,
so,8,1.0,0.9915398741586671,0.2343121417433731,4.8176233750083094e-11,,
so,8,1.0,0.9894173925240038,0.31190125957618475,8.195961077406696e-11,,
so,8,1.0,0.9884681182041672,0.2095537067411519,3.523868544067149e-11,,
so,8,1.0,0.9859511193406101,0.2751227169504538,6.291453106570654e-11,,
so,8,10.0,0.7280903871428174,0.12613944126318308,2.0610176267078256e-11,,
so,8,10.0,0.597288625693969,0.13538815495283057,2.3230850783219953e-11,,
so,8,10.0,0.5399573932159805,0.11567879608674206,2.0414723903076414e-11,,
so,8,10.0,0.5686289303910789,0.12675603077836084,2.6634199509214847e-11,,
so,8,10.0,0.713287898132811,0.13785463820173338,2.8844839671327037e-11,,
so,8,100.0,0.3608797038247173,0.07223387550269976,1.6616902418700594e-11,,
so,8,100.0,0.39040218817180344,0.02452927236763588,1.3047442464517617e-11,,
so,8,100.0,0.2944802058162091,0.043640776336102305,7.035091449086388e-12,,
so,8,100.0,0.28902471302459803,0.017585514394368007,1.4065489127805297e-11,,
so,8,100.0,0.2850365508520405,0.043195578952541884,6.240404371501926e-12,,
so,8,1000.0,0.36309572231737586,0.005390646108090922,7.483565344350792e-11,,
so,8,1000.0,0.3876067452449061,0.03173671805662,1.2572925423745086e-10,,
so,8,1000.0,0.22677534106497227,0.037820210584772355,8.480171010137932e-11,,
so,8,1000.0,0.3771538532353172,0.06090153051434724,1.0209073795439463e-10,,
so,8,1000.0,0.35319493465041374,0.022206202916586544,8.275347446045927e-11,,
so,16,0.1,0.9999530868059703,0.21289148044809234,3.699763829218845e-11,,
so,16,0.1,0.9999478817876627,0.19266702288626905,2.7094022484221865e-11,,
so,16,0.1,0.9999535140258446,0.17181698949369315,2.6192494555376938e-11,,
so,16,0.1,0.9999498227750226,0.21568944807580628,3.381610173163722e-11,,
so,16,0.1,0.9999382671959538,0.16524413606382693,2.3891520620958637e-11,,
so,16,1.0,0.9954538976621493,0.17398795509004106,2.1353231023221784e-11,,
so,16,1.0,0.9958775048405196,0.18219786030203675,2.5440006973485103e-11,,
so,16,1.0,0.9935602926178801,0.19746236463693384,2.8134407872326193e-11,,
so,16,1.0,0.995349928426399,0.18872056490556308,2.5796944160631765e-11,,
so,16,1.0,0.9952100510329221,0.17589158409856534,2.081471253906839e-11,,
so,16,10.0,0.7004691236008622,0.1274238117029173,1.8681162487854846e-11,,
so,16,10.0,0.733465127749879,0.12941786343660103,2.0962883892730564e-11,,
so,16,10.0,0.797610225283464,0.1261413487516113,1.5253947843770834e-11,,
so,16,10.0,0.7839931612785652,0.13108610658996095,1.676213488453959e-11,,
so,16,10.0,0.7509487211637299,0.14016592936105454,2.1771960659119594e-11,,
so,16,100.0,0.2031062364339505,0.019392620994161197,1.2842772930371008e-11,,
so,16,100.0,0.40179035432103444,0.03307167002739132,2.0549105894710394e-11,,
so,16,100.0,0.2840442398475241,0.020805513358519545,1.4031633651547838e-11,,
so,16,100.0,0.34846864239854486,0.017836884026495945,1.6712408706138938e-11,,
so,16,100.0,0.37405194307322304,0.029389160790468844,1.69824559216467e-11,,
so,16,1000.0,0.20450609962992164,0.011385524405698372,4.627705036769528e-11,,
so,16,1000.0,0.23863593790669707,0.01218316452598877,7.789419971110661e-11,,
so,16,1000.0,0.28346736842287307,0.028334525950437856,1.0749570383180419e-10,,
so,16,1000.0,0.4039476911542944,0.0359703715311718,1.0708651632905841e-10,,
so,16,1000.0,0.22618634852142,0.005133184369218397,5.5291136797808024e-11,,
so,32,0.1,0.9999726833661756,0.12845275014241653,9.990446115751165e-12,,
so,32,0.1,0.9999760075438019,0.1268582868428492,9.604053226938558e-12,,
so,32,0.1,0.9999780804217727,0.12601827073677102,9.01681017560755e-12,,
so,32,0.1,0.9999761546064263,0.12665794194144014,9.39873948716444e-12,,
so,32,0.1,0.9999796807603377,0.1292229481706224,9.754128123324642e-12,,
so,32,1.0,0.9978035768459822,0.12867680695288325,9.834394621214973e-12,,
so,32,1.0,0.9970584840440855,0.12449737247643666,1.0458548237581338e-11,,
so,32,1.0,0.9975489054187832,0.12562312450706067,9.393067003173953e-12,,
so,32,1.0,0.9978662058041364,0.12254254210003612,9.878875786044332e-12,,
so,32,1.0,0.9971110444228513,0.13195009636264973,9.98492458893521e-12,,
so,32,10.0,0.8321429764047481,0.10391142668879573,1.0849103223281053e-11,,
so,32,10.0,0.8287419760266227,0.10431168406566518,1.0480499973200826e-11,,
so,32,10.0,0.8363946961218731,0.1045214093579819,1.1479869759317974e-11,,
so,32,10.0,0.8495591147679687,0.09901232910923898,1.1945548104542823e-11,,
so,32,10.0,0.8276233457670548,0.09663529438086389,1.0504869202553234e-11,,
so,32,100.0,0.3337368473701156,0.01702258827038985,1.374417050606861e-11,,
so,32,100.0,0.3712968386140265,0.018933169470656496,2.021162896951739e-11,,
so,32,100.0,0.31379679511004616,0.015188792471845935,1.302687624212451e-11,,
so,32,100.0,0.29980868074075107,0.01671536630500183,1.2234127392236715e-11,,
so,32,100.0,0.25269106261719,0.015074740843089502,1.0522732113852485e-11,,
so,32,1000.0,0.19825079759332667,0.005990242821826171,3.1050491425777305e-11,,
so,32,1000.0,0.23783135501686145,0.010195103860929231,4.355414632429211e-11,,
so,32,1000.0,0.19141383746357876,0.006404449596696594,5.802202392735775e-11,,
so,32,1000.0,0.15431223860686571,0.006299211106684763,3.6611820035854086e-11,,
so,32,1000.0,0.20295625423398506,0.00882307690639675,4.4517271412156906e-11,,
so,64,0.1,0.9999871936225256,0.08865778821460199,6.460727087294293e-12,,
so,64,0.1,0.9999872409736277,0.08822124996909757,6.915814326506431e-12,,
so,64,0.1,0.999986053827969,0.08981098583225587,6.6812185229691484e-12,,
so,64,0.1,0.9999869347657674,0.08986707318931865,6.745860842028877e-12,,
so,64,0.1,0.9999872575468971,0.089153248779856,6.7211869232417264e-12,,
so,64,1.0,0.998731332829296,0.08893840930484263,7.338191651659087e-12,,
so,64,1.0,0.9987067115491967,0.08879803371628059,7.153522155922373e-12,,
so,64,1.0,0.9988074313751085,0.08937938532081927,7.084016216437683e-12,,
so,64,1.0,0.9987527145114304,0.0888127284579254,7.1593482761930404e-12,,
so,64,1.0,0.9987160398850902,0.08808782462009165,6.844298866569152e-12,,
so,64,10.0,0.8911785328754313,0.08164661919047533,1.0417256218646245e-11,,
so,64,10.0,0.8976078721693992,0.07752438114047512,8.168527683226203e-12,,
so,64,10.0,0.8894678594483175,0.07738718363316811,8.309267660218124e-12,,
so,64,10.0,0.8994763183140252,0.0767119514670999,1.041943256069218e-11,,
so,64,10.0,0.8983651189099365,0.07772506514081835,1.1448077961702485e-11,,
so,64,100.0,0.3770683342952004,0.016758353790447895,1.8246863147314848e-11,,
so,64,100.0,0.35423747755450713,0.015481086182394587,1.737179558746503e-11,,
so,64,100.0,0.34993021079710196,0.016336784952003438,1.6930510598621058e-11,,
so,64,100.0,0.3804616627382293,0.016777036609922226,1.9319749915644808e-11,,
so,64,100.0,0.3658709494585452,0.01662367984810416,1.849676056843177e-11,,
so,64,1000.0,0.15465360902329922,0.0029917071062070364,3.1803607301485165e-11,,
so,64,1000.0,0.1620464877893139,0.0027753484012011708,2.7885912100335256e-11,,
so,64,1000.0,0.12307212992143043,0.002299777426830842,2.6634466304785216e-11,,
so,64,1000.0,0.1184604526934212,0.0023241477463319957,1.8700640307646592e-11,,
so,64,1000.0,0.13882708377033798,0.0035415114608670644,3.218662445961116e-11,,
so,128,0.1,0.9999934576938779,,,,
so,128,0.1,0.9999934208065718,,,,
so,128,0.1,0.9999936341314964,,,,
so,128,0.1,0.9999936155519937,,,,
so,128,0.1,0.9999934054646219,,,,
so,128,1.0,0.9993678130962718,,,,
so,128,1.0,0.999324877217811,,,,
so,128,1.0,0.9993583773858357,,,,
so,128,1.0,0.9993262323729125,,,,
so,128,1.0,0.9993578925621937,,,,
so,128,10.0,0.941130841061087,,,,
so,128,10.0,0.94153487194825,,,,
so,128,10.0,0.944390622539298,,,,
so,128,10.0,0.9407695264716668,,,,
so,128,10.0,0.9442545115670625,,,,
so,128,100.0,0.4313968741783227,,,,
so,128,100.0,0.4178995945215501,,,,
so,128,100.0,0.4241902375054924,,,,
so,128,100.0,0.4234333667191166,,,,
so,128,100.0,0.42538985762404424,,,,
so,128,1000.0,0.15462652519182157,,,,
so,128,1000.0,0.1559529637014366,,,,
so,128,1000.0,0.13818845036670044,,,,
so,128,1000.0,0.14565930957669754,,,,
so,128,1000.0,0.13485340584242883,,,,
so,256,0.1,0.9999968022925335,,,,
so,256,0.1,0.9999967456810287,,,,
so,256,0.1,0.9999967377234171,,,,
so,256,0.1,0.9999967302462651,,,,
so,256,0.1,0.999996810373777,,,,
so,256,1.0,0.9996768978204128,,,,
so,256,1.0,0.9996711413924196,,,,
so,256,1.0,0.999672061338173,,,,
so,256,1.0,0.9996765072040946,,,,
so,256,1.0,0.9996797891426997,,,,
so,256,10.0,0.9687354408062688,,,,
so,256,10.0,0.969153761345974,,,,
so,256,10.0,0.9691562407844706,,,,
so,256,10.0,0.969803930039995,,,,
so,256,10.0,0.9692034380485157,,,,
so,256,100.0,0.4930435169408612,,,,
so,256,100.0,0.4952578525087445,,,,
so,256,100.0,0.49472706510258757,,,,
so,256,100.0,0.4946648304416773,,,,
so,256,100.0,0.49902005121314474,,,,
so,256,1000.0,0.16564832087725453,,,,
so,256,1000.0,0.16181882939154568,,,,
so,256,1000.0,0.16872632044826946,,,,
so,256,1000.0,0.16376839287612283,,,,
so,256,1000.0,0.16185038912697308,,,,
sym,2,0.1,0.9744939823269354,0.5315447408976346,4.6335994549453205e-10,,
sym,2,0.1,1.030991973270329,0.43241534351992755,4.5203369881379336e-10,,
sym,2,0.1,1.0044973212215846,0.8070910096909333,7.442399765784679e-10,,
sym,2,0.1,0.9908830065203105,0.7411460022619402,6.59804666248028e-10,,
sym,2,0.1,1.0279650631714927,0.6903271371276591,7.09427790968399e-10,,
sym,2,1.0,2.2105249040705637,2.1195228550706795,2.6205203553368995e-09,,
sym,2,1.0,1.5683704303462858,0.4794179556300242,4.117410310977841e-10,,
sym,2,1.0,0.5714313273769696,0.27944410827207916,2.1675257585226414e-10,,
sym,2,1.0,1.2435653980417636,1.076235774520323,1.0596510130791003e-09,,
sym,2,1.0,1.5322781034946635,0.515327652617537,5.022017308336947e-10,,
sym,2,3.0,0.3631700772740661,0.23265629546706174,1.311592773506219e-10,,
sym,2,3.0,3.1587386468705803,0.25039694371265814,1.1428685293088376e-10,,
sym,2,3.0,7.238130343055042,6.919625419770159,7.726901509992881e-09,,
sym,2,3.0,0.23813019582549136,0.07694270676117689,5.677785977453201e-11,,
sym,2,3.0,17.190669648943153,10.369070066429206,5.446143569813229e-09,,
sym,2,10.0,1.8936441471870797,1.3176745937853236,7.786239922136318e-10,,
sym,2,10.0,1461.0786116720192,629.5092575124371,1.9472750032992366e-07,,
sym,2,10.0,1768.416597942962,1057.479335550664,3.666476527282677e-07,,
sym,2,10.0,111.07841998346801,47.54473644646744,8.828153940219613e-09,,
sym,2,10.0,15321.497976885625,1083.9736705587336,3.842699201968318e-07,,
sym,4,0.1,0.9779036150239097,0.3507877784217486,1.430260570085226e-10,,
sym,4,0.1,0.970916748239398,0.311706659218147,9.611102800856604e-11,,
sym,4,0.1,1.0210936506250308,0.28760041583560453,1.2944506112790258e-10,,
sym,4,0.1,1.0267284941876316,0.5383333895791311,2.4972458530303575e-10,,
sym,4,0.1,0.9839102783131738,0.2797193420140076,1.3115269430460267e-10,,
sym,4,1.0,0.8237033602825778,0.23003677566322037,1.3621976597665903e-10,,
sym,4,1.0,1.1768817359861627,0.39014679328971424,1.5613000082665689e-10,,
sym,4,1.0,1.3331559723198383,0.6663349238957352,3.54581010722118e-10,,
sym,4,1.0,1.3315897337707225,0.5443468994624874,3.072267269563939e-10,,
sym,4,1.0,0.8397061595794477,0.27709808157549526,1.169171631167865e-10,,
sym,4,3.0,3.525014057523061,0.5112217122115217,1.418773210730092e-10,,
sym,4,3.0,2.0790956251642885,0.7995656513184357,2.4723014956432886e-10,,
sym,4,3.0,0.8042457199090135,0.20439778966916403,1.3293580239468432e-10,,
sym,4,3.0,4.995546406488188,0.7016457762594517,1.2768409490156273e-10,,
sym,4,3.0,3.7728000451106336,1.419112706910682,5.245469102459428e-10,,
sym,4,10.0,42.983802874864466,4.1161303875595205,1.4150438633899995e-09,,
sym,4,10.0,6.4997052125399275,4.99056407821032,4.278520457428143e-09,,
sym,4,10.0,59.36074561233095,14.561949409015172,7.3810353806140824e-09,,
sym,4,10.0,66.4218720283981,33.08327561163314,1.89736920302614e-08,,
sym,4,10.0,100.1574699231948,28.042196262258503,8.177193467844909e-09,,
sym,8,0.1,0.9959581916679755,0.3593741595276202,1.3921513102659866e-10,,
sym,8,0.1,0.9932914100987087,0.2452599292721357,7.196555445104329e-11,,
sym,8,0.1,0.9862565683132153,0.2319303309534335,6.678209640182038e-11,,
sym,8,0.1,0.9916289622995582,0.1982149680915576,4.5459269397166127e-11,,
sym,8,0.1,1.0084542260332754,0.219581486022043,5.33682555460345e-11,,
sym,8,1.0,1.0681636433241317,0.26296883983409247,6.195736167907332e-11,,
sym,8,1.0,1.0958125210673337,0.29977301914983634,7.086830224853851e-11,,
sym,8,1.0,1.085831105509872,0.3017916072211004,6.393478010479488e-11,,
sym,8,1.0,1.055106440295848,0.2557121468133013,6.531841375577648e-11,,
sym,8,1.0,1.0615142774818795,0.23748676740824004,5.292175392710591e-11,,
sym,8,3.0,1.2770259735291962,0.30462742142498733,6.493983266299787e-11,,
sym,8,3.0,2.426165769638332,1.0261731692074845,3.0605684018090757e-10,,
sym,8,3.0,1.4564276246469108,0.2692473890769166,5.647340921493227e-11,,
sym,8,3.0,2.755234128598115,0.6283959520923053,1.3954588306620723e-10,,
sym,8,3.0,1.1877820050286638,0.4009020661870102,1.8173713201296258e-10,,
sym,8,10.0,29.278498394348816,3.674440943272721,5.589377544318071e-10,,
sym,8,10.0,12.618129330318808,1.5981432772866004,2.34379926199138e-10,,
sym,8,10.0,140.32704687636155,14.816771661172162,3.4657495949889463e-09,,
sym,8,10.0,72.48929623493821,12.790936122050717,2.2180778776353284e-09,,
sym,8,10.0,28.07608259291591,6.303333237396935,1.0297319666106514e-09,,
sym,16,0.1,0.9950017151465164,0.17246431399568252,2.8640460271767894e-11,,
sym,16,0.1,1.0014424732692557,0.17537288130159925,2.4009819519151534e-11,,
sym,16,0.1,1.0014609727737322,0.20121124398977216,3.2262859401722393e-11,,
sym,16,0.1,0.9996625226617075,0.19374014833122272,2.7616419552563662e-11,,
sym,16,0.1,0.9962670362104609,0.19583744041156204,2.7839541944949878e-11,,
sym,16,1.0,1.0720402616747435,0.1830303959807291,2.4476114485807902e-11,,
sym,16,1.0,1.106489523936685,0.20260359868942618,2.6920701173717328e-11,,
sym,16,1.0,1.0151766442844512,0.1810093859112901,2.169137937754016e-11,,
sym,16,1.0,0.9647116706994413,0.1844203992271565,2.0845370604659545e-11,,
sym,16,1.0,1.026641816250402,0.19282519738682008,2.922543588135658e-11,,
sym,16,3.0,1.3744584214057298,0.21912540950626733,2.5335575149235814e-11,,
sym,16,3.0,1.4503967797974182,0.24346254221283067,3.2795412233894004e-11,,
sym,16,3.0,1.3332334358327058,0.21079513143522863,2.454566267894294e-11,,
sym,16,3.0,1.4670358816232711,0.21674733682331157,3.247409638870762e-11,,
sym,16,3.0,1.047455497672445,0.19073674870239232,2.7502411675930144e-11,,
sym,16,10.0,9.821473927999872,0.7994478954181631,8.788998363902705e-11,,
sym,16,10.0,18.44682124524639,2.0862899868405984,2.989131584396248e-10,,
sym,16,10.0,9.964038334973935,1.3942507590416517,1.1965967371830753e-10,,
sym,16,10.0,7.805923385939192,1.4097272430985501,1.7639209884685524e-10,,
sym,16,10.0,17.57004130642953,1.303590655403685,2.4654349471930874e-10,,
sym,32,0.1,0.9976151453360729,0.12680099840855524,9.833222709946009e-12,,
sym,32,0.1,0.9990379025382616,0.12675480331128608,9.71483403738878e-12,,
sym,32,0.1,1.0004916728984883,0.1272757643919427,9.512265586498007e-12,,
sym,32,0.1,0.9998603682761039,0.1210609312760404,9.18543742368724e-12,,
sym,32,0.1,0.998770501164435,0.12796032613605748,9.541712049539708e-12,,
sym,32,1.0,1.0257976789333005,0.12677598868431722,9.886340223273946e-12,,
sym,32,1.0,1.0436099976760869,0.1323368052794319,9.576117473104195e-12,,
sym,32,1.0,1.0247353154740204,0.133661420938308,1.1520732530972092e-11,,
sym,32,1.0,1.0116723938383507,0.13500655768054784,1.0588940744333149e-11,,
sym,32,1.0,0.9933169842493599,0.12340253585436826,9.875581553932164e-12,,
sym,32,3.0,1.1368409819128973,0.12923990770434915,1.086530543785585e-11,,
sym,32,3.0,1.1529709020065007,0.13554597728925877,1.0372986066220809e-11,,
sym,32,3.0,1.182929072829588,0.1462539165236479,1.2389022925008518e-11,,
sym,32,3.0,1.2070055932966788,0.15024518112896987,1.3328626301175879e-11,,
sym,32,3.0,1.143821481806,0.13460920358106643,1.0249080373157218e-11,,
sym,32,10.0,4.421029458241454,0.4120592304876872,4.131198494366624e-11,,
sym,32,10.0,4.452081435115603,0.32432164664503926,5.109710716317243e-11,,
sym,32,10.0,3.1404477560574957,0.3073046439925798,3.128341084092437e-11,,
sym,32,10.0,4.069342746920993,0.40658841238962684,3.744315969658556e-11,,
sym,32,10.0,4.080828465295266,0.4102470285579686,5.4363224940934174e-11,,
sym,64,0.1,1.000015416731417,0.09239753877239808,7.163858004839125e-12,,
sym,64,0.1,1.0009517796677176,0.08923182262380426,6.758293677391538e-12,,
sym,64,0.1,1.0005274035784149,0.08766688405142627,6.65515992756907e-12,,
sym,64,0.1,1.0006750963068525,0.0894984209528663,6.911591458631848e-12,,
sym,64,0.1,1.0001746632853685,0.0881569623672102,7.021888160932335e-12,,
sym,64,1.0,1.012217958896228,0.09024948087307852,7.348349699215779e-12,,
sym,64,1.0,1.0130118977434448,0.08951407186931645,7.260955419244266e-12,,
sym,64,1.0,1.0174128528949142,0.08906405961058121,7.456669743104137e-12,,
sym,64,1.0,1.010677736179753,0.08873290578971132,7.663184109677325e-12,,
sym,64,1.0,1.0113045055184409,0.08848821824707315,7.283045288050303e-12,,
sym,64,3.0,1.0646148368891164,0.09544057786299191,7.572044553479794e-12,,
sym,64,3.0,1.0752757026130961,0.09576604853964682,7.871847925320078e-12,,
sym,64,3.0,1.0718025266665583,0.09055249766516146,7.349814362848434e-12,,
sym,64,3.0,1.101945838746343,0.09451744181090674,8.022068235849053e-12,,
sym,64,3.0,1.0926230194497721,0.09789535635786155,8.182497644875532e-12,,
sym,64,10.0,2.3736028794414357,0.17045979316979254,2.5741324660336152e-11,,
sym,64,10.0,2.3657297994370743,0.168846446463433,2.2962331722579594e-11,,
sym,64,10.0,2.1055922012082693,0.15192532815257623,2.358237788190957e-11,,
sym,64,10.0,2.1094185754487556,0.15689695873182047,1.9251868222727395e-11,,
sym,64,10.0,2.290382372736506,0.17860638134069964,2.43040313304669e-11,,
sym,128,0.1,1.0000506195368393,,,,
sym,128,0.1,1.0000437035928418,,,,
sym,128,0.1,0.9998523112609232,,,,
sym,128,0.1,1.0000838763679736,,,,
sym,128,0.1,1.0000283921374764,,,,
sym,128,1.0,1.004796973505103,,,,
sym,128,1.0,1.0061252794477573,,,,
sym,128,1.0,1.0056708725496695,,,,
sym,128,1.0,1.0022055105990098,,,,
sym,128,1.0,1.0029052871439463,,,,
sym,128,3.0,1.0367985880326356,,,,
sym,128,3.0,1.036062395106797,,,,
sym,128,3.0,1.0460997223926827,,,,
sym,128,3.0,1.0427638879507246,,,,
sym,128,3.0,1.0464693723643423,,,,
sym,128,10.0,1.516791179951859,,,,
sym,128,10.0,1.4763683244080974,,,,
sym,128,10.0,1.514915231966368,,,,
sym,128,10.0,1.523867262450852,,,,
sym,128,10.0,1.5482428219667543,,,,
sym,256,0.1,0.9999624823738649,,,,
sym,256,0.1,1.0001091545842995,,,,
sym,256,0.1,0.9999980052301759,,,,
sym,256,0.1,0.9999613940333699,,,,
sym,256,0.1,1.0000288046523245,,,,
sym,256,1.0,1.0014276210607405,,,,
sym,256,1.0,1.0028749178540408,,,,
sym,256,1.0,1.0018496194028566,,,,
sym,256,1.0,1.0026222866020638,,,,
sym,256,1.0,1.0017623599040661,,,,
sym,256,3.0,1.0219095475456468,,,,
sym,256,3.0,1.0251251147195217,,,,
sym,256,3.0,1.0205451575754978,,,,
sym,256,3.0,1.0184517948694762,,,,
sym,256,3.0,1.0206916577724778,,,,
sym,256,10.0,1.2456045952063945,,,,
sym,256,10.0,1.23914061159193,,,,
sym,256,10.0,1.2499367676891853,,,,
sym,256,10.0,1.2402331571687082,,,,
sym,256,10.0,1.2376756271334495,,,,
gl,2,0.1,1.0657012291378192,0.6550786073288936,3.898272941938906e-10,,
gl,2,0.1,0.9482263697806265,0.4200949863002415,1.8122860642847983e-10,,
gl,2,0.1,0.9703012449400137,0.20243480791349996,1.263025085062206e-10,,
gl,2,0.1,1.0104769920599448,0.7025557216660987,6.027029138546147e-10,,
gl,2,0.1,0.9519214104551401,0.5261180287343531,3.0260973759772924e-10,,
gl,2,1.0,1.2361660228131561,1.0987265557619625,9.774581014876083e-10,,
gl,2,1.0,0.8586131458596148,0.44266470152431475,2.7648538013250124e-10,,
gl,2,1.0,1.3439657421860924,0.8292667560245389,4.6479684492968003e-10,,
gl,2,1.0,1.611323234249334,0.9524780276516508,4.718777504378622e-10,,
gl,2,1.0,1.4819380233900876,0.9338903683280548,4.3133960589029664e-10,,
gl,2,3.0,5.394672328620844,0.8004885578266427,1.8961426199158126e-10,,
gl,2,3.0,0.7630005717296667,0.6913534989198072,7.371053316485901e-10,,
gl,2,3.0,3.757819453596467,1.8420394887274372,8.609434170182021e-10,,
gl,2,3.0,7.534604259628907,2.125635696295328,1.0180133707825902e-09,,
gl,2,3.0,1.065158481110103,1.065735413712222,5.208355766048159e-10,,
gl,2,10.0,20.164393747506505,17.36544995268834,1.7615429251875187e-08,,
gl,2,10.0,581.9979149139649,304.7188769712503,1.1474999000890356e-07,,
gl,2,10.0,0.00520620167927234,0.0015894598417719782,4.449563602425481e-13,,
gl,2,10.0,107.38280942269176,80.5829128354353,8.165610448915873e-08,,
gl,2,10.0,650.5474381511228,482.8609705299739,3.663509285278913e-07,,
gl,4,0.1,1.008996155391565,0.33256883049295527,1.4780509414564156e-10,,
gl,4,0.1,0.9829460235574067,0.4087541463912114,1.3561406485081516e-10,,
gl,4,0.1,1.0118633620839717,0.2931073580252027,7.761350573518982e-11,,
gl,4,0.1,1.0042741286557948,0.30857008986535156,7.263301073346686e-11,,
gl,4,0.1,1.001457396118888,0.3829743925761716,7.911081266147337e-11,,
gl,4,1.0,1.115749187673833,0.29475165184860364,4.338934246145487e-11,,
gl,4,1.0,1.0437612372204796,0.3598682087817027,1.1227811234038987e-10,,
gl,4,1.0,1.0935369044834484,0.3708522920205271,8.328532064511316e-11,,
gl,4,1.0,1.0011505897430593,0.3212828787476,5.97361115590254e-11,,
gl,4,1.0,1.196508750251257,0.432391842363589,6.856331213899646e-11,,
gl,4,3.0,1.3557953735016608,0.41246126466155003,1.1789429487616747e-10,,
gl,4,3.0,1.9915965073582766,0.7492104297236983,1.494562042102862e-10,,
gl,4,3.0,2.45209065743106,0.5223415670943234,1.7048675928126707e-10,,
gl,4,3.0,1.636556398710909,0.43959869319980227,1.1527276656342848e-10,,
gl,4,3.0,1.1261844929754836,0.3440386534679226,4.959943010106113e-11,,
gl,4,10.0,39.84819115853205,8.743986393779764,2.200451181818085e-09,,
gl,4,10.0,222.36844702444958,40.69025944447882,8.851001266952318e-09,,
gl,4,10.0,178.03784031840067,83.90636445020343,9.842047149367333e-09,,
gl,4,10.0,4.938198151231515,1.2371718458869863,2.5693216563674757e-11,,
gl,4,10.0,38.279793162739296,8.357612308262432,5.378030802382883e-10,,
gl,8,0.1,0.9992072555147667,0.20750907194232293,2.2795295182811665e-11,,
gl,8,0.1,0.9942272633102586,0.2624011061001863,3.8858193111895034e-11,,
gl,8,0.1,1.003041793803578,0.2214270888476964,1.9753506147728248e-11,,
gl,8,0.1,0.9985773960651808,0.2454055146347625,3.472209876175214e-11,,
gl,8,0.1,1.0003320071323243,0.22279937562216967,3.5192471246134456e-11,,
gl,8,1.0,1.1009438890686625,0.2804158552783695,2.8289085239945853e-11,,
gl,8,1.0,0.9976119708613075,0.29785318845085557,3.395563956651786e-11,,
gl,8,1.0,1.093071552447857,0.27167130041416093,3.2772349353769605e-11,,
gl,8,1.0,0.9745375462866083,0.23212214086738706,2.6568960844103076e-11,,
gl,8,1.0,1.0876434874208094,0.3078697619052144,2.3469835792777824e-11,,
gl,8,3.0,1.0411562982676261,0.2541897556507443,1.9122254415635135e-11,,
gl,8,3.0,1.074844865089901,0.29830785071530247,4.4806486672781314e-11,,
gl,8,3.0,1.4819904344967636,0.2619893454071208,2.7044543798900984e-11,,
gl,8,3.0,1.6579152397473926,0.4036761804958947,5.84726806230259e-11,,
gl,8,3.0,1.2421666012980803,0.27818127524072866,2.680007697627651e-11,,
gl,8,10.0,3.787316622777644,0.580302907965957,5.953487063338466e-11,,
gl,8,10.0,14.393224359237475,2.8185971312055105,3.21522589281561e-10,,
gl,8,10.0,3.321709702471983,1.2128357628381221,3.148173938206058e-10,,
gl,8,10.0,11.1237943333823,1.4291923948267788,1.345289944742558e-10,,
gl,8,10.0,6.554158142656074,1.4648059075813995,6.937826099447237e-11,,
gl,16,0.1,1.001136990141079,0.1914657956129372,1.2637089037888787e-11,,
gl,16,0.1,0.9970445325300143,0.18005185280713654,1.0198823244790118e-11,,
gl,16,0.1,1.0011195872367986,0.17581290644524916,1.161252915027364e-11,,
gl,16,0.1,0.9981215554620532,0.17013441671918897,1.0244227180068748e-11,,
gl,16,0.1,1.0039583497908806,0.1738255476418351,1.3124575332447026e-11,,
gl,16,1.0,0.9812592647911084,0.18643550952769294,1.2314419761503558e-11,,
gl,16,1.0,1.0463237455841052,0.18696282302884445,1.3018126363539124e-11,,
gl,16,1.0,1.003661314774726,0.16537987426646264,1.0679023959835988e-11,,
gl,16,1.0,0.9879796975467031,0.16995011553303838,1.0244710571405116e-11,,
gl,16,1.0,1.0198814418672872,0.20213481270478378,1.3591592489894354e-11,,
gl,16,3.0,1.1450255161726655,0.20072251257034882,1.0646220804410704e-11,,
gl,16,3.0,1.1696532707899563,0.22844987923654936,1.514778185955498e-11,,
gl,16,3.0,1.1258697953310586,0.20869404050439533,1.5218360244580224e-11,,
gl,16,3.0,1.0586007181135437,0.18395065726870782,1.560716300219264e-11,,
gl,16,3.0,1.1405514473388056,0.18706248309164414,1.0235680016509177e-11,,
gl,16,10.0,3.286328854200663,0.5256937023393817,4.52949946367132e-11,,
gl,16,10.0,2.906192854696814,0.4436062881530369,3.2384669600291196e-11,,
gl,16,10.0,2.6096870219018506,0.3804729312789746,2.7221522179927025e-11,,
gl,16,10.0,1.994262968860631,0.299199941594598,2.658108233422638e-11,,
gl,16,10.0,4.8498416719015385,0.691821553438329,7.138467726728707e-11,,
gl,32,0.1,1.0004031674187899,0.1220536669109266,5.8773112267771245e-12,,
gl,32,0.1,1.0010127214918707,0.12766376787919043,6.066691544286479e-12,,
gl,32,0.1,0.9994293117202153,0.12349052107887498,6.1926355772082075e-12,,
gl,32,0.1,0.9998539483511036,0.12459041370263564,5.953206247942172e-12,,
gl,32,0.1,1.000909365693897,0.12244467082485415,6.253883089102175e-12,,
gl,32,1.0,1.0072223883010012,0.12128809971126459,6.712280467062065e-12,,
gl,32,1.0,1.010001277305408,0.12935483225162328,7.399588451610861e-12,,
gl,32,1.0,1.012697048626956,0.12822928375643786,6.586765618698035e-12,,
gl,32,1.0,1.0258571383492918,0.12606585914066729,6.5070405468725275e-12,,
gl,32,1.0,1.0043220880590893,0.12451319287577191,7.078966778980023e-12,,
gl,32,3.0,1.073348032339409,0.13537503769149298,7.071501563301321e-12,,
gl,32,3.0,1.0742285359529857,0.12844678347676908,7.161957905867639e-12,,
gl,32,3.0,1.0553940020905321,0.13208019741517407,6.995476717838303e-12,,
gl,32,3.0,1.0743812212120445,0.1311499628916254,6.947325150743884e-12,,
gl,32,3.0,1.054368890864834,0.12830560786789283,6.061668225257641e-12,,
gl,32,10.0,1.8852015877843493,0.20074397145887526,2.1506671336802422e-11,,
gl,32,10.0,1.9169174193334488,0.2097584933852413,1.9365658624550085e-11,,
gl,32,10.0,1.9772808086047056,0.20375898293443123,1.7407125473001186e-11,,
gl,32,10.0,1.8935720486150633,0.1958022585869098,2.058484352707773e-11,,
gl,32,10.0,1.9735803185476284,0.2080544795475383,2.0630181901235626e-11,,
gl,64,0.1,1.0004807509641525,0.08916142557323398,6.354492448802644e-12,,
gl,64,0.1,1.0001507938921808,0.08878671767960798,6.295578751837832e-12,,
gl,64,0.1,0.9999410251554595,0.08848782086857156,6.440079401580563e-12,,
gl,64,0.1,1.0000054926568875,0.0909524399565758,6.378507495319852e-12,,
gl,64,0.1,0.9996719582851169,0.08741218579909588,6.1351012910222505e-12,,
gl,64,1.0,1.003098629929958,0.08800450611648358,6.777604065375957e-12,,
gl,64,1.0,1.0033787437754818,0.08808536332631844,6.984667755420613e-12,,
gl,64,1.0,1.0053775356987893,0.08957408419745404,7.000021506743951e-12,,
gl,64,1.0,1.0039759438520917,0.08927823609740458,6.6825009016912305e-12,,
gl,64,1.0,1.000883429415655,0.09049358702658693,7.180477347404588e-12,,
gl,64,3.0,1.0241101276343607,0.09069157434428157,6.936133666427573e-12,,
gl,64,3.0,1.032953362455203,0.08965100140568753,6.631684198134105e-12,,
gl,64,3.0,1.0297288135850136,0.0898753046108117,6.826511643099929e-12,,
gl,64,3.0,1.0442657858834734,0.09145056344193052,6.917187505759101e-12,,
gl,64,3.0,1.030179032259202,0.08898276781551387,6.729180941952573e-12,,
gl,64,10.0,1.4338750867092294,0.11170389833790968,1.58103192861978e-11,,
gl,64,10.0,1.44703307066282,0.11465159998498509,1.69083250018608e-11,,
gl,64,10.0,1.4041078916808798,0.11369195240780383,1.5311279523316398e-11,,
gl,64,10.0,1.4364373228538798,0.11581016609011491,1.5564970460180604e-11,,
gl,64,10.0,1.3786744816168561,0.1121935490374481,1.6207561608376208e-11,,
gl,128,0.1,1.0001608485495561,,,,
gl,128,0.1,1.0000168606595288,,,,
gl,128,0.1,0.9998608591395863,,,,
gl,128,0.1,1.0000483360498766,,,,
gl,128,0.1,1.000007775946127,,,,
gl,128,1.0,1.002740753541402,,,,
gl,128,1.0,1.0011048559751137,,,,
gl,128,1.0,1.0027110935106986,,,,
gl,128,1.0,1.0018259703917995,,,,
gl,128,1.0,1.0024199718083575,,,,
gl,128,3.0,1.0136117170605456,,,,
gl,128,3.0,1.0137257758655256,,,,
gl,128,3.0,1.017013163613657,,,,
gl,128,3.0,1.0131025307765076,,,,
gl,128,3.0,1.017925904699644,,,,
gl,128,10.0,1.1880647724038937,,,,
gl,128,10.0,1.2183789732552894,,,,
gl,128,10.0,1.213862911265843,,,,
gl,128,10.0,1.203157773126665,,,,
gl,128,10.0,1.2047074037111902,,,,
gl,256,0.1,1.0000351285829179,,,,
gl,256,0.1,0.9999997946055738,,,,
gl,256,0.1,1.0000105251760003,,,,
gl,256,0.1,1.0000132926761562,,,,
gl,256,0.1,0.9999590792070103,,,,
gl,256,1.0,1.000582694735607,,,,
gl,256,1.0,1.0011556243959479,,,,
gl,256,1.0,1.000110159037766,,,,
gl,256,1.0,1.0009295094630144,,,,
gl,256,1.0,1.0007924400613688,,,,
gl,256,3.0,1.0089645478237967,,,,
gl,256,3.0,1.0081128452394315,,,,
gl,256,3.0,1.0093328488319258,,,,
gl,256,3.0,1.0097138697319687,,,,
gl,256,3.0,1.0090442582337578,,,,
gl,256,10.0,1.0947033899559766,,,,
gl,256,10.0,1.09731079709177,,,,
gl,256,10.0,1.1032088384056604,,,,
gl,256,10.0,1.1036868061411382,,,,
gl,256,10.0,1.098407502082862,,,,
so,16,3.0,,0.16845953913557113,,0.001,0.0
so,16,3.0,,0.15910055586014374,,0.001,1.0
so,16,3.0,,0.1701964917383377,,0.001,2.0
so,16,3.0,,0.16173487741434522,,0.001,3.0
so,16,3.0,,0.18687156497282864,,0.001,4.0
so,16,3.0,,0.1807595242967156,,0.001,5.0
so,16,3.0,,0.16845953913592762,,0.0003,0.0
so,16,3.0,,0.15910055585997807,,0.0003,1.0
so,16,3.0,,0.17019649173838158,,0.0003,2.0
so,16,3.0,,0.16173487741450973,,0.0003,3.0
so,16,3.0,,0.18687156497277177,,0.0003,4.0
so,16,3.0,,0.1807595242967553,,0.0003,5.0
so,16,3.0,,0.1684595391362393,,0.0001,0.0
so,16,3.0,,0.15910055585992114,,0.0001,1.0
so,16,3.0,,0.17019649173854431,,0.0001,2.0
so,16,3.0,,0.16173487741483777,,0.0001,3.0
so,16,3.0,,0.1868715649729317,,0.0001,4.0
so,16,3.0,,0.18075952429699926,,0.0001,5.0
so,16,3.0,,0.16845953913521708,,3e-05,0.0
so,16,3.0,,0.15910055585996077,,3e-05,1.0
so,16,3.0,,0.17019649173845583,,3e-05,2.0
so,16,3.0,,0.16173487741518777,,3e-05,3.0
so,16,3.0,,0.18687156497210983,,3e-05,4.0
so,16,3.0,,0.18075952429674558,,3e-05,5.0
so,16,3.0,,0.16845953913562534,,1e-05,0.0
so,16,3.0,,0.15910055585801197,,1e-05,1.0
so,16,3.0,,0.17019649174546084,,1e-05,2.0
so,16,3.0,,0.1617348774163174,,1e-05,3.0
so,16,3.0,,0.18687156497403776,,1e-05,4.0
so,16,3.0,,0.1807595242923078,,1e-05,5.0
