kind,obj,eta_mult,init,T,min_grad_sq,bound,slack,rho_predicted,rho_empirical_1step,grows,predicted_grows,err
rate,quadratic,0.1,0.0,10,41.65899192398957,126.81080030214473,3.044019896917381,,,,,
rate,quadratic,0.1,0.0,100,0.16330407735919156,12.681080030214472,77.65317458866693,,,,,
rate,quadratic,0.1,0.0,1000,0.0008267689073313439,1.2681080030214473,1533.8119174252256,,,,,
rate,quadratic,0.1,0.0,10000,1.3366519418071695e-13,0.12681080030214473,948719680388.1122,,,,,
rate,quadratic,0.1,0.0,20000,1.8276461481761837e-24,0.06340540015107236,3.469238299456648e+22,,,,,
rate,quadratic,0.1,1.0,10,41.369432067938035,126.87325611922081,3.066835820005119,,,,,
rate,quadratic,0.1,1.0,100,0.23562884870830325,12.68732561192208,53.844534238795,,,,,
rate,quadratic,0.1,1.0,1000,0.001145090816556887,1.268732561192208,1107.9754922907275,,,,,
rate,quadratic,0.1,1.0,10000,1.8745486501910268e-13,0.12687325611922082,676820290080.4508,,,,,
rate,quadratic,0.1,1.0,20000,2.563138732825441e-24,0.06343662805961041,2.4749588169845924e+22,,,,,
rate,quadratic,0.1,2.0,10,44.80950767587194,135.1618233345058,3.016364837395543,,,,,
rate,quadratic,0.1,2.0,100,0.16036148448515508,13.51618233345058,84.28571472036849,,,,,
rate,quadratic,0.1,2.0,1000,0.0012536624446067887,1.351618233345058,1078.1356968613613,,,,,
rate,quadratic,0.1,2.0,10000,1.8703242864290698e-13,0.1351618233345058,722665177986.6715,,,,,
rate,quadratic,0.1,2.0,20000,2.558156178484875e-24,0.0675809116672529,2.6417820864744543e+22,,,,,
rate,quadratic,0.1,3.0,10,50.36780499524061,152.10034057240256,3.019792913087535,,,,,
rate,quadratic,0.1,3.0,100,0.16288735743506483,15.210034057240255,93.3776217918186,,,,,
rate,quadratic,0.1,3.0,1000,0.001835135353775001,1.5210034057240256,828.8235538567855,,,,,
rate,quadratic,0.1,3.0,10000,2.636125538236425e-13,0.15210034057240257,576984435552.1782,,,,,
rate,quadratic,0.1,3.0,20000,3.604432103658089e-24,0.07605017028620129,2.1099071392971726e+22,,,,,
rate,quadratic,0.1,4.0,10,44.83069295606471,133.8118574620765,2.984826881735148,,,,,
rate,quadratic,0.1,4.0,100,0.1011111838114343,13.381185746207647,132.34130233469205,,,,,
rate,quadratic,0.1,4.0,1000,0.001608664472125553,1.3381185746207647,831.819560764395,,,,,
rate,quadratic,0.1,4.0,10000,2.347470541573542e-13,0.13381185746207647,570025715306.2313,,,,,
rate,quadratic,0.1,4.0,20000,3.209484792141377e-24,0.06690592873103823,2.084631430404704e+22,,,,,
rate,quadratic,0.1,5.0,10,34.536336223278084,101.12484145856408,2.9280709107297893,,,,,
rate,quadratic,0.1,5.0,100,0.10977377343224039,10.112484145856406,92.1211308464175,,,,,
rate,quadratic,0.1,5.0,1000,0.0013430437533075194,1.0112484145856406,752.9526957667872,,,,,
rate,quadratic,0.1,5.0,10000,2.236941381465403e-13,0.10112484145856407,452067462725.90283,,,,,
rate,quadratic,0.1,5.0,20000,3.0590561781473375e-24,0.050562420729282034,1.6528765012711947e+22,,,,,
rate,quadratic,0.1,6.0,10,48.68012760737112,143.5091680654046,2.948003119935834,,,,,
rate,quadratic,0.1,6.0,100,0.11522816420623756,14.350916806540459,124.54348210264736,,,,,
rate,quadratic,0.1,6.0,1000,0.0015484887608672151,1.435091680654046,926.7691938883287,,,,,
rate,quadratic,0.1,6.0,10000,2.2509609876872655e-13,0.1435091680654046,637546225147.3851,,,,,
rate,quadratic,0.1,6.0,20000,3.078961574437442e-24,0.0717545840327023,2.3304800108072996e+22,,,,,
rate,quadratic,0.1,7.0,10,42.50697596345535,129.46243688920467,3.045675067558506,,,,,
rate,quadratic,0.1,7.0,100,0.16676583373370577,12.946243688920466,77.63127134058662,,,,,
rate,quadratic,0.1,7.0,1000,0.001047488999315775,1.2946243688920467,1235.9312314856784,,,,,
rate,quadratic,0.1,7.0,10000,1.6982680509875547e-13,0.12946243688920467,762320393496.9003,,,,,
rate,quadratic,0.1,7.0,20000,2.3222198926388868e-24,0.06473121844460233,2.7874715331563247e+22,,,,,
rate,quadratic,0.5,0.0,10,1.050841545187831,34.46331929525624,32.795923850818205,,,,,
rate,quadratic,0.5,0.0,100,0.009023632641632284,3.446331929525624,381.9228980605107,,,,,
rate,quadratic,0.5,0.0,1000,1.1024682810619713e-07,0.3446331929525624,3126014.5881075924,,,,,
rate,quadratic,0.5,0.0,10000,1.3067195812215308e-30,0.03446331929525624,2.637392122266943e+28,,,,,
rate,quadratic,0.5,0.0,20000,1.3067195812215308e-30,0.01723165964762812,1.3186960611334715e+28,,,,,
rate,quadratic,0.5,1.0,10,0.7418058253554807,32.326380894730654,43.57795502514359,,,,,
rate,quadratic,0.5,1.0,100,0.006201632340002184,3.2326380894730655,521.2560036204802,,,,,
rate,quadratic,0.5,1.0,1000,6.172655029580575e-08,0.32326380894730655,5237030.214683357,,,,,
rate,quadratic,0.5,1.0,10000,1.4164133286165363e-30,0.03232638089473066,2.2822703120356146e+28,,,,,
rate,quadratic,0.5,1.0,20000,1.4164133286165363e-30,0.01616319044736533,1.1411351560178073e+28,,,,,
rate,quadratic,0.5,2.0,10,0.828115023494413,28.737215287113894,34.701961046245614,,,,,
rate,quadratic,0.5,2.0,100,0.0033099135647353863,2.8737215287113895,868.216487381637,,,,,
rate,quadratic,0.5,2.0,1000,2.7346156561442768e-08,0.28737215287113893,10508685.278147085,,,,,
rate,quadratic,0.5,2.0,10000,1.538974695452479e-30,0.028737215287113895,1.8672961532135375e+28,,,,,
rate,quadratic,0.5,2.0,20000,1.538974695452479e-30,0.014368607643556948,9.336480766067687e+27,,,,,
rate,quadratic,0.5,3.0,10,1.1734541319603295,40.572582574157344,34.5753459544075,,,,,
rate,quadratic,0.5,3.0,100,0.005088962895831066,4.057258257415735,797.2662289873414,,,,,
rate,quadratic,0.5,3.0,1000,4.778507527819062e-08,0.40572582574157345,8490639.041155785,,,,,
rate,quadratic,0.5,3.0,10000,1.4385494859148371e-30,0.04057258257415735,2.8203814308379843e+28,,,,,
rate,quadratic,0.5,3.0,20000,1.4385494859148371e-30,0.020286291287078675,1.4101907154189922e+28,,,,,
rate,quadratic,0.5,4.0,10,0.9409698607409412,44.48281508110936,47.27336861361592,,,,,
rate,quadratic,0.5,4.0,100,0.005508613014600395,4.448281508110935,807.5138871292852,,,,,
rate,quadratic,0.5,4.0,1000,5.886520987413134e-08,0.44482815081109356,7556724.111954214,,,,,
rate,quadratic,0.5,4.0,10000,1.5316441246016551e-30,0.04448281508110936,2.90425265024787e+28,,,,,
rate,quadratic,0.5,4.0,20000,1.5316441246016551e-30,0.02224140754055468,1.452126325123935e+28,,,,,
rate,quadratic,0.5,5.0,10,1.3053667255044643,34.24384415463094,26.23312168570657,,,,,
rate,quadratic,0.5,5.0,100,0.0059906087685757505,3.4243844154630945,571.6254470540615,,,,,
rate,quadratic,0.5,5.0,1000,5.381430221668275e-08,0.3424384415463095,6363335.162602025,,,,,
rate,quadratic,0.5,5.0,10000,1.6426017635226648e-30,0.03424384415463094,2.084731973085967e+28,,,,,
rate,quadratic,0.5,5.0,20000,1.6426017635226648e-30,0.01712192207731547,1.0423659865429836e+28,,,,,
rate,quadratic,0.5,6.0,10,1.3435735180102317,28.443245115552447,21.169846483484978,,,,,
rate,quadratic,0.5,6.0,100,0.004407812630626343,2.8443245115552447,645.2916105807951,,,,,
rate,quadratic,0.5,6.0,1000,4.8318627617211357e-08,0.28443245115552446,5886600.368885645,,,,,
rate,quadratic,0.5,6.0,10000,1.3425539152492858e-30,0.02844324511555245,2.1185923926393e+28,,,,,
rate,quadratic,0.5,6.0,20000,1.3425539152492858e-30,0.014221622557776224,1.05929619631965e+28,,,,,
rate,quadratic,0.5,7.0,10,1.1366093134940567,31.586685633425336,27.79027521455419,,,,,
rate,quadratic,0.5,7.0,100,0.009854407558124839,3.1586685633425335,320.5335830400327,,,,,
rate,quadratic,0.5,7.0,1000,1.0178527169289627e-07,0.3158668563342533,3103266.8192631854,,,,,
rate,quadratic,0.5,7.0,10000,1.5885192432718407e-30,0.031586685633425336,1.988435819535109e+28,,,,,
rate,quadratic,0.5,7.0,20000,1.5885192432718407e-30,0.015793342816712668,9.942179097675544e+27,,,,,
rate,quadratic,1.0,0.0,10,0.16627858228942152,17.81572173728612,107.14381546912874,,,,,
rate,quadratic,1.0,0.0,100,0.0013228777715949703,1.7815721737286119,1346.7398213068482,,,,,
rate,quadratic,1.0,0.0,1000,1.507157348203191e-13,0.1781572173728612,1182074436920.985,,,,,
rate,quadratic,1.0,0.0,10000,1.7647555629572904e-31,0.01781572173728612,1.0095291445026761e+29,,,,,
rate,quadratic,1.0,0.0,20000,1.7647555629572904e-31,0.00890786086864306,5.047645722513381e+28,,,,,
rate,quadratic,1.0,1.0,10,0.12670202261917893,25.73793834402006,203.1375491248401,,,,,
rate,quadratic,1.0,1.0,100,0.0013584340630282453,2.5737938344020055,1894.677043554443,,,,,
rate,quadratic,1.0,1.0,1000,1.7649218587659503e-13,0.25737938344020056,1458304695824.6787,,,,,
rate,quadratic,1.0,1.0,10000,1.7616259267976611e-31,0.025737938344020057,1.46103312584683e+29,,,,,
rate,quadratic,1.0,1.0,20000,1.7616259267976611e-31,0.012868969172010029,7.30516562923415e+28,,,,,
rate,quadratic,1.0,2.0,10,0.1677109120868499,30.65414658508781,182.77967845773452,,,,,
rate,quadratic,1.0,2.0,100,0.0013291243534333285,3.0654146585087805,2306.3415026519924,,,,,
rate,quadratic,1.0,2.0,1000,1.6156511531579156e-13,0.30654146585087805,1897324587994.871,,,,,
rate,quadratic,1.0,2.0,10000,2.2813862705391664e-31,0.030654146585087808,1.343663148189422e+29,,,,,
rate,quadratic,1.0,2.0,20000,2.2813862705391664e-31,0.015327073292543904,6.71831574094711e+28,,,,,
rate,quadratic,1.0,3.0,10,0.15787644140227008,21.354136058305198,135.2585342603127,,,,,
rate,quadratic,1.0,3.0,100,0.0012106375981627514,2.1354136058305198,1763.8751754209493,,,,,
rate,quadratic,1.0,3.0,1000,1.6864793975572558e-13,0.21354136058305198,1266196082159.9795,,,,,
rate,quadratic,1.0,3.0,10000,1.68482947026522e-31,0.021354136058305197,1.2674360482870532e+29,,,,,
rate,quadratic,1.0,3.0,20000,1.68482947026522e-31,0.010677068029152598,6.337180241435266e+28,,,,,
rate,quadratic,1.0,4.0,10,0.10381120590271103,25.149484413056676,242.26175001402132,,,,,
rate,quadratic,1.0,4.0,100,0.0009858289193386176,2.514948441305668,2551.1002892803353,,,,,
rate,quadratic,1.0,4.0,1000,1.1103634929835191e-13,0.2514948441305668,2264977601657.331,,,,,
rate,quadratic,1.0,4.0,10000,1.5707181210602764e-31,0.02514948441305668,1.6011456209647667e+29,,,,,
rate,quadratic,1.0,4.0,20000,1.5707181210602764e-31,0.01257474220652834,8.005728104823833e+28,,,,,
rate,quadratic,1.0,5.0,10,0.13051331758064563,27.305862940181573,209.2189781576043,,,,,
rate,quadratic,1.0,5.0,100,0.0010574889022856788,2.730586294018157,2582.1417965864325,,,,,
rate,quadratic,1.0,5.0,1000,1.4694986374000252e-13,0.27305862940181574,1858175451492.3313,,,,,
rate,quadratic,1.0,5.0,10000,1.965052277173563e-31,0.02730586294018157,1.3895743770978459e+29,,,,,
rate,quadratic,1.0,5.0,20000,1.965052277173563e-31,0.013652931470090786,6.947871885489229e+28,,,,,
rate,quadratic,1.0,6.0,10,0.17512805154626135,18.03175181324132,102.96324120569629,,,,,
rate,quadratic,1.0,6.0,100,0.001325694544377346,1.803175181324132,1360.1739472881738,,,,,
rate,quadratic,1.0,6.0,1000,1.6448494756808264e-13,0.1803175181324132,1096255437341.9321,,,,,
rate,quadratic,1.0,6.0,10000,1.614533027295086e-31,0.01803175181324132,1.1168400713022814e+29,,,,,
rate,quadratic,1.0,6.0,20000,1.614533027295086e-31,0.00901587590662066,5.584200356511407e+28,,,,,
rate,quadratic,1.0,7.0,10,0.13296746409660015,30.525750032776493,229.57307819753333,,,,,
rate,quadratic,1.0,7.0,100,0.0016764533415712058,3.0525750032776493,1820.85294447665,,,,,
rate,quadratic,1.0,7.0,1000,2.320166427401114e-13,0.30525750032776494,1315670706733.2783,,,,,
rate,quadratic,1.0,7.0,10000,1.9336355449557461e-31,0.030525750032776494,1.578671332992853e+29,,,,,
rate,quadratic,1.0,7.0,20000,1.9336355449557461e-31,0.015262875016388247,7.893356664964265e+28,,,,,
rate,quadratic,1.5,0.0,10,0.030401853179612748,44.94566299892713,1478.3856343687414,,,,,
rate,quadratic,1.5,0.0,100,0.00019429875691386552,4.494566299892713,23132.24423708072,,,,,
rate,quadratic,1.5,0.0,1000,2.869742355013291e-19,0.44945662998927133,1.5661915753659694e+18,,,,,
rate,quadratic,1.5,0.0,10000,3.150702899186955e-31,0.04494566299892713,1.42652812521693e+29,,,,,
rate,quadratic,1.5,0.0,20000,2.706174193898076e-31,0.022472831499463566,8.304281206337588e+28,,,,,
rate,quadratic,1.5,1.0,10,0.10865242470156847,27.656070332405594,254.537074606181,,,,,
rate,quadratic,1.5,1.0,100,0.0002892846407655742,2.7656070332405593,9560.158554984284,,,,,
rate,quadratic,1.5,1.0,1000,4.147599279845683e-19,0.27656070332405597,6.667970666017325e+17,,,,,
rate,quadratic,1.5,1.0,10000,2.954378415480981e-31,0.027656070332405594,9.361045351363057e+28,,,,,
rate,quadratic,1.5,1.0,20000,2.4992570954979724e-31,0.013828035166202797,5.532858220593582e+28,,,,,
rate,quadratic,1.5,2.0,10,0.05881840271928882,28.77547700924567,489.2257470264333,,,,,
rate,quadratic,1.5,2.0,100,0.0002548351714203035,2.877547700924567,11291.799655780576,,,,,
rate,quadratic,1.5,2.0,1000,4.057611928354242e-19,0.2877547700924567,7.091727232011795e+17,,,,,
rate,quadratic,1.5,2.0,10000,3.0889527703450392e-31,0.02877547700924567,9.315609252915648e+28,,,,,
rate,quadratic,1.5,2.0,20000,3.0889527703450392e-31,0.014387738504622835,4.657804626457824e+28,,,,,
rate,quadratic,1.5,3.0,10,0.09291388056168738,35.81283263282099,385.441146320911,,,,,
rate,quadratic,1.5,3.0,100,0.000679321195635711,3.581283263282099,5271.8556204193255,,,,,
rate,quadratic,1.5,3.0,1000,1.0157593284281018e-18,0.3581283263282099,3.525720279452587e+17,,,,,
rate,quadratic,1.5,3.0,10000,3.181036295811054e-31,0.03581283263282099,1.1258228232095654e+29,,,,,
rate,quadratic,1.5,3.0,20000,2.9868784832925157e-31,0.017906416316410496,5.99502671989246e+28,,,,,
rate,quadratic,1.5,4.0,10,0.07959895452969383,47.92896787359341,602.130620392933,,,,,
rate,quadratic,1.5,4.0,100,0.00043343981898210786,4.792896787359341,11057.8137435896,,,,,
rate,quadratic,1.5,4.0,1000,6.771421398556621e-19,0.4792896787359341,7.078125116214127e+17,,,,,
rate,quadratic,1.5,4.0,10000,3.112063929677686e-31,0.04792896787359341,1.5401022908471347e+29,,,,,
rate,quadratic,1.5,4.0,20000,2.8011466142806717e-31,0.023964483936796704,8.555240848380488e+28,,,,,
rate,quadratic,1.5,5.0,10,0.0752285104508292,34.6588546222486,460.71435436572,,,,,
rate,quadratic,1.5,5.0,100,0.00033119387889705434,3.46588546222486,10464.823425381506,,,,,
rate,quadratic,1.5,5.0,1000,5.254627042007397e-19,0.346588546222486,6.595873378866499e+17,,,,,
rate,quadratic,1.5,5.0,10000,3.1384250957914863e-31,0.0346588546222486,1.1043390734010146e+29,,,,,
rate,quadratic,1.5,5.0,20000,2.9789340222719184e-31,0.0173294273111243,5.8173249832192705e+28,,,,,
rate,quadratic,1.5,6.0,10,0.054966729302905845,34.068753960928376,619.8068248373532,,,,,
rate,quadratic,1.5,6.0,100,0.00021880108456321588,3.4068753960928375,15570.651319639712,,,,,
rate,quadratic,1.5,6.0,1000,3.227150185599491e-19,0.3406875396092837,1.055691616490405e+18,,,,,
rate,quadratic,1.5,6.0,10000,2.6869148944542037e-31,0.03406875396092837,1.2679506161972726e+29,,,,,
rate,quadratic,1.5,6.0,20000,2.5708776153048728e-31,0.017034376980464186,6.625899606832949e+28,,,,,
rate,quadratic,1.5,7.0,10,0.04283788053752495,37.58764765736716,877.4394807988057,,,,,
rate,quadratic,1.5,7.0,100,0.0005968177640419392,3.7587647657367156,6298.010870655958,,,,,
rate,quadratic,1.5,7.0,1000,8.865983093140164e-19,0.37587647657367157,4.239535228354955e+17,,,,,
rate,quadratic,1.5,7.0,10000,3.014443355621558e-31,0.037587647657367156,1.2469183601433716e+29,,,,,
rate,quadratic,1.5,7.0,20000,3.014443355621558e-31,0.018793823828683578,6.234591800716858e+28,,,,,
rate,quadratic,1.9,0.0,10,2.456714748343708,142.9134654692633,58.172592306703116,,,,,
rate,quadratic,1.9,0.0,100,8.45719626775012e-05,14.291346546926327,168984.44939043935,,,,,
rate,quadratic,1.9,0.0,1000,1.3334016459054618e-23,1.429134654692633,1.0717960781593025e+23,,,,,
rate,quadratic,1.9,0.0,10000,9.97306898593569e-31,0.14291346546926328,1.4329938524520786e+29,,,,,
rate,quadratic,1.9,0.0,20000,7.166387203855866e-31,0.07145673273463164,9.971095714195353e+28,,,,,
rate,quadratic,1.9,1.0,10,5.543551192928935,184.56515704575773,33.2936687373212,,,,,
rate,quadratic,1.9,1.0,100,7.150581794819487e-05,18.45651570457577,258112.08422155667,,,,,
rate,quadratic,1.9,1.0,1000,7.619552594394118e-24,1.8456515704575773,2.4222571438321272e+23,,,,,
rate,quadratic,1.9,1.0,10000,9.446206775524256e-31,0.18456515704575774,1.9538547210715122e+29,,,,,
rate,quadratic,1.9,1.0,20000,8.003444505935168e-31,0.09228257852287887,1.1530357767139418e+29,,,,,
rate,quadratic,1.9,2.0,10,3.7705098409543645,145.24746749593402,38.521970137378034,,,,,
rate,quadratic,1.9,2.0,100,7.318620792912331e-05,14.524746749593403,198462.89568192678,,,,,
rate,quadratic,1.9,2.0,1000,9.143218663654156e-24,1.4524746749593402,1.588581361105552e+23,,,,,
rate,quadratic,1.9,2.0,10000,1.1057728656490276e-30,0.14524746749593404,1.3135379968894588e+29,,,,,
rate,quadratic,1.9,2.0,20000,1.045744036694908e-30,0.07262373374796702,6.944694992236875e+28,,,,,
rate,quadratic,1.9,3.0,10,1.6551238393009717,109.3844397645299,66.08837185906738,,,,,
rate,quadratic,1.9,3.0,100,6.654294914954271e-05,10.938443976452989,164381.7131078892,,,,,
rate,quadratic,1.9,3.0,1000,1.0708134815047486e-23,1.093844397645299,1.0215078690531487e+23,,,,,
rate,quadratic,1.9,3.0,10000,9.703318423099952e-31,0.1093844397645299,1.1272889850149273e+29,,,,,
rate,quadratic,1.9,3.0,20000,8.776344266742071e-31,0.05469221988226495,6.231776947210349e+28,,,,,
rate,quadratic,1.9,4.0,10,2.2342272346518657,117.76049022920044,52.70748131738253,,,,,
rate,quadratic,1.9,4.0,100,0.0001831125895570415,11.776049022920045,64310.42808911662,,,,,
rate,quadratic,1.9,4.0,1000,2.789594757873895e-23,1.1776049022920045,4.2214192544207484e+22,,,,,
rate,quadratic,1.9,4.0,10000,8.264648754642687e-31,0.11776049022920046,1.424869873181824e+29,,,,,
rate,quadratic,1.9,4.0,20000,8.264648754642687e-31,0.05888024511460023,7.12434936590912e+28,,,,,
rate,quadratic,1.9,5.0,10,2.554265129450929,133.5707216107435,52.29320953046726,,,,,
rate,quadratic,1.9,5.0,100,9.935578027030721e-05,13.35707216107435,134436.78993547347,,,,,
rate,quadratic,1.9,5.0,1000,1.5813070558343394e-23,1.335707216107435,8.446855474268915e+22,,,,,
rate,quadratic,1.9,5.0,10000,8.373343425879042e-31,0.13357072161074351,1.5951898162677012e+29,,,,,
rate,quadratic,1.9,5.0,20000,8.076509473200359e-31,0.06678536080537176,8.269087162836907e+28,,,,,
rate,quadratic,1.9,6.0,10,1.951671993060099,116.76503830005547,59.82820818009241,,,,,
rate,quadratic,1.9,6.0,100,5.198497479972663e-05,11.676503830005545,224613.05165559007,,,,,
rate,quadratic,1.9,6.0,1000,7.075079698097171e-24,1.1676503830005547,1.6503706429124636e+23,,,,,
rate,quadratic,1.9,6.0,10000,1.0412662495742076e-30,0.11676503830005547,1.12137542485222e+29,,,,,
rate,quadratic,1.9,6.0,20000,8.636955087017045e-31,0.058382519150027734,6.759618240667658e+28,,,,,
rate,quadratic,1.9,7.0,10,1.3942114967656316,95.94863959474952,68.81928589553051,,,,,
rate,quadratic,1.9,7.0,100,5.191705367092075e-05,9.594863959474951,184811.4113002743,,,,,
rate,quadratic,1.9,7.0,1000,7.906509415870605e-24,0.9594863959474952,1.2135398131842278e+23,,,,,
rate,quadratic,1.9,7.0,10000,9.968374531696246e-31,0.09594863959474953,9.625304435508871e+28,,,,,
rate,quadratic,1.9,7.0,20000,9.791429718055668e-31,0.047974319797374765,4.899623566608336e+28,,,,,
rate,nonconvex_sin,0.1,0.0,10,23.493782164556862,1059.5640880389678,45.09976642404751,,,,,
rate,nonconvex_sin,0.1,0.0,100,23.256950868063488,105.95640880389675,4.555902852656253,,,,,
rate,nonconvex_sin,0.1,0.0,1000,1.0545602747180103,10.595640880389675,10.047449287071764,,,,,
rate,nonconvex_sin,0.1,0.0,10000,2.257395212895656e-06,1.0595640880389676,469374.65003295545,,,,,
rate,nonconvex_sin,0.1,0.0,20000,7.402138943005183e-12,0.5297820440194838,71571480635.35246,,,,,
rate,nonconvex_sin,0.1,1.0,10,28.528985616145146,1045.4852828362884,36.646423286940376,,,,,
rate,nonconvex_sin,0.1,1.0,100,23.797880000772757,104.54852828362881,4.393186631760222,,,,,
rate,nonconvex_sin,0.1,1.0,1000,1.2463514297209153,10.454852828362883,8.388366699032831,,,,,
rate,nonconvex_sin,0.1,1.0,10000,4.5805760033847835e-06,1.0454852828362882,228243.1908265979,,,,,
rate,nonconvex_sin,0.1,1.0,20000,1.5086684459890583e-11,0.5227426414181441,34649272529.554535,,,,,
rate,nonconvex_sin,0.1,2.0,10,24.469505516193195,1158.376615007012,47.33960047702773,,,,,
rate,nonconvex_sin,0.1,2.0,100,24.469505516193195,115.83766150070119,4.733960047702772,,,,,
rate,nonconvex_sin,0.1,2.0,1000,0.8540367340667936,11.583766150070119,13.563545557238479,,,,,
rate,nonconvex_sin,0.1,2.0,10000,2.649357971014719e-06,1.158376615007012,437229.1806846122,,,,,
rate,nonconvex_sin,0.1,2.0,20000,8.723112856998286e-12,0.579188307503506,66396975139.30947,,,,,
rate,nonconvex_sin,0.1,3.0,10,28.862068208260634,1031.7499372981988,35.74760927918883,,,,,
rate,nonconvex_sin,0.1,3.0,100,25.198248141855615,103.17499372981986,4.094530427233978,,,,,
rate,nonconvex_sin,0.1,3.0,1000,1.0120806840238736,10.317499372981986,10.19434471564187,,,,,
rate,nonconvex_sin,0.1,3.0,10000,4.8384329806159724e-06,1.0317499372981986,213240.51432181837,,,,,
rate,nonconvex_sin,0.1,3.0,20000,1.590871410278023e-11,0.5158749686490993,32427194637.871094,,,,,
rate,nonconvex_sin,0.1,4.0,10,24.784986381664226,977.411548401188,39.435629834530424,,,,,
rate,nonconvex_sin,0.1,4.0,100,20.25679864647863,97.74115484011878,4.825103736572401,,,,,
rate,nonconvex_sin,0.1,4.0,1000,1.3868087714038957,9.774115484011878,7.047918707723008,,,,,
rate,nonconvex_sin,0.1,4.0,10000,8.751470062602929e-08,0.9774115484011879,11168541.301168306,,,,,
rate,nonconvex_sin,0.1,4.0,20000,2.0362403192927593e-13,0.48870577420059397,2400039767262.513,,,,,
rate,nonconvex_sin,0.1,5.0,10,28.474601769921023,1191.3405588883,41.83870835190277,,,,,
rate,nonconvex_sin,0.1,5.0,100,28.474601769921023,119.13405588882995,4.183870835190275,,,,,
rate,nonconvex_sin,0.1,5.0,1000,1.1835698215702346,11.913405588882997,10.065655081571409,,,,,
rate,nonconvex_sin,0.1,5.0,10000,4.372445733643268e-07,1.1913405588882997,2724654.876152425,,,,,
rate,nonconvex_sin,0.1,5.0,20000,1.4184551585538253e-12,0.5956702794441499,419942975181.15466,,,,,
rate,nonconvex_sin,0.1,6.0,10,27.50410400043131,1110.8947740371523,40.390145922213335,,,,,
rate,nonconvex_sin,0.1,6.0,100,25.92204781970742,111.08947740371521,4.285520888487007,,,,,
rate,nonconvex_sin,0.1,6.0,1000,1.1822491571224265,11.108947740371521,9.396452239738114,,,,,
rate,nonconvex_sin,0.1,6.0,10000,3.0366152136285754e-06,1.1108947740371522,365833.2373003225,,,,,
rate,nonconvex_sin,0.1,6.0,20000,9.994614495049995e-12,0.5554473870185761,55574668467.07004,,,,,
rate,nonconvex_sin,0.1,7.0,10,25.685484201113578,1037.0934695011797,40.37663691215201,,,,,
rate,nonconvex_sin,0.1,7.0,100,23.207175093574442,103.70934695011795,4.468848385550932,,,,,
rate,nonconvex_sin,0.1,7.0,1000,1.5861052592891638,10.370934695011796,6.53861692612991,,,,,
rate,nonconvex_sin,0.1,7.0,10000,1.1113665650066153e-06,1.0370934695011795,933169.5789273689,,,,,
rate,nonconvex_sin,0.1,7.0,20000,3.6520474370055485e-12,0.5185467347505898,141987951606.6105,,,,,
rate,nonconvex_sin,0.5,0.0,10,23.312978365107536,253.69740494408464,10.882239110374364,,,,,
rate,nonconvex_sin,0.5,0.0,100,5.769808862360288,25.369740494408465,4.396981095840031,,,,,
rate,nonconvex_sin,0.5,0.0,1000,0.0010715087604016042,2.5369740494408464,2367.6652428767657,,,,,
rate,nonconvex_sin,0.5,0.0,10000,9.2941236503913e-28,0.25369740494408466,2.729653859655757e+26,,,,,
rate,nonconvex_sin,0.5,0.0,20000,3.7409890575151615e-28,0.12684870247204233,3.390779831799287e+26,,,,,
rate,nonconvex_sin,0.5,1.0,10,24.985814064412374,257.93548647950786,10.323277273038256,,,,,
rate,nonconvex_sin,0.5,1.0,100,5.848718367855235,25.79354864795079,4.410119794742221,,,,,
rate,nonconvex_sin,0.5,1.0,1000,0.0022962161388923688,2.5793548647950786,1123.3066526739456,,,,,
rate,nonconvex_sin,0.5,1.0,10000,1.4200184489696625e-27,0.25793548647950787,1.8164234884882008e+26,,,,,
rate,nonconvex_sin,0.5,1.0,20000,2.4160458275166788e-28,0.12896774323975393,5.3379675903048916e+26,,,,,
rate,nonconvex_sin,0.5,2.0,10,26.414566760038163,269.71066046547605,10.210678937710746,,,,,
rate,nonconvex_sin,0.5,2.0,100,5.273940796483057,26.97106604654761,5.114025182939737,,,,,
rate,nonconvex_sin,0.5,2.0,1000,0.015362496455412756,2.6971066046547603,175.5643434960386,,,,,
rate,nonconvex_sin,0.5,2.0,10000,3.2105163328758468e-27,0.2697106604654761,8.400849972436692e+25,,,,,
rate,nonconvex_sin,0.5,2.0,20000,3.4096409074336977e-28,0.13485533023273805,3.9551182630031954e+26,,,,,
rate,nonconvex_sin,0.5,3.0,10,23.731595156606854,274.0801039933563,11.549164823716145,,,,,
rate,nonconvex_sin,0.5,3.0,100,7.395423410690531,27.408010399335634,3.706077242273336,,,,,
rate,nonconvex_sin,0.5,3.0,1000,0.0011286898519371682,2.740801039933563,2428.303076553343,,,,,
rate,nonconvex_sin,0.5,3.0,10000,9.971456607518812e-28,0.27408010399335636,2.7486466098312134e+26,,,,,
rate,nonconvex_sin,0.5,3.0,20000,3.3385601904687016e-28,0.13704005199667818,4.104765053747289e+26,,,,,
rate,nonconvex_sin,0.5,4.0,10,23.744729232224778,311.9661919866835,13.138334361939306,,,,,
rate,nonconvex_sin,0.5,4.0,100,10.074770374452015,31.19661919866835,3.09650920459467,,,,,
rate,nonconvex_sin,0.5,4.0,1000,0.000859377481254743,3.119661919866835,3630.141570979891,,,,,
rate,nonconvex_sin,0.5,4.0,10000,9.669103774683126e-28,0.3119661919866835,3.226423040401252e+26,,,,,
rate,nonconvex_sin,0.5,4.0,20000,6.453986589659149e-28,0.15598309599334176,2.416848777517829e+26,,,,,
rate,nonconvex_sin,0.5,5.0,10,27.13120165289376,261.62165336827394,9.642833248425983,,,,,
rate,nonconvex_sin,0.5,5.0,100,5.630431757812975,26.162165336827396,4.646564679613407,,,,,
rate,nonconvex_sin,0.5,5.0,1000,0.001136847006895542,2.6162165336827394,2301.29165825664,,,,,
rate,nonconvex_sin,0.5,5.0,10000,9.520711982547514e-28,0.261621653368274,2.7479210992607962e+26,,,,,
rate,nonconvex_sin,0.5,5.0,20000,3.0147040078665347e-28,0.130810826684137,4.339093534317156e+26,,,,,
rate,nonconvex_sin,0.5,6.0,10,23.569868523520807,304.67246006463745,12.926353821643051,,,,,
rate,nonconvex_sin,0.5,6.0,100,7.908318611938488,30.467246006463743,3.852556719258888,,,,,
rate,nonconvex_sin,0.5,6.0,1000,0.0006877780818791073,3.046724600646374,4429.8076384206515,,,,,
rate,nonconvex_sin,0.5,6.0,10000,5.887353822177267e-28,0.30467246006463744,5.175032268605239e+26,,,,,
rate,nonconvex_sin,0.5,6.0,20000,4.197041309633467e-28,0.15233623003231872,3.629609975071283e+26,,,,,
rate,nonconvex_sin,0.5,7.0,10,27.155178900639786,257.87445291477303,9.496326791229404,,,,,
rate,nonconvex_sin,0.5,7.0,100,5.562150490004097,25.787445291477304,4.636236530784393,,,,,
rate,nonconvex_sin,0.5,7.0,1000,0.002351691761480686,2.57874452914773,1096.5486937472135,,,,,
rate,nonconvex_sin,0.5,7.0,10000,1.1451019679914688e-27,0.25787445291477307,2.2519780781364814e+26,,,,,
rate,nonconvex_sin,0.5,7.0,20000,3.830060346900699e-28,0.12893722645738653,3.366454175107791e+26,,,,,
rate,nonconvex_sin,1.0,0.0,10,23.744775452723964,194.52324325832345,8.192254487544881,,,,,
rate,nonconvex_sin,1.0,0.0,100,1.2804211965416976,19.452324325832347,15.192129260567791,,,,,
rate,nonconvex_sin,1.0,0.0,1000,2.015979673930132e-05,1.9452324325832344,96490.6768524617,,,,,
rate,nonconvex_sin,1.0,0.0,10000,1.1635549755731984e-28,0.19452324325832346,1.671801052309506e+27,,,,,
rate,nonconvex_sin,1.0,0.0,20000,1.1635549755731984e-28,0.09726162162916173,8.35900526154753e+26,,,,,
rate,nonconvex_sin,1.0,1.0,10,23.67669004078613,196.27109473376416,8.289633998488052,,,,,
rate,nonconvex_sin,1.0,1.0,100,1.1025051843274265,19.627109473376414,17.802283156926613,,,,,
rate,nonconvex_sin,1.0,1.0,1000,3.0050925618635012e-06,1.9627109473376414,653128.283716005,,,,,
rate,nonconvex_sin,1.0,1.0,10000,1.078951457828018e-28,0.19627109473376417,1.819091056504687e+27,,,,,
rate,nonconvex_sin,1.0,1.0,20000,1.078951457828018e-28,0.09813554736688208,9.095455282523435e+26,,,,,
rate,nonconvex_sin,1.0,2.0,10,26.127665310883856,198.81523690278178,7.609376288969931,,,,,
rate,nonconvex_sin,1.0,2.0,100,1.2297343122300508,19.881523690278176,16.167332644580927,,,,,
rate,nonconvex_sin,1.0,2.0,1000,2.8109995769904627e-06,1.9881523690278176,707275.9403103115,,,,,
rate,nonconvex_sin,1.0,2.0,10000,1.1045840850074977e-28,0.19881523690278177,1.7999103880030307e+27,,,,,
rate,nonconvex_sin,1.0,2.0,20000,1.1045840850074977e-28,0.09940761845139089,8.999551940015154e+26,,,,,
rate,nonconvex_sin,1.0,3.0,10,23.33837596420964,186.98251097032355,8.011804731274744,,,,,
rate,nonconvex_sin,1.0,3.0,100,1.1321230229516615,18.698251097032355,16.516094733487915,,,,,
rate,nonconvex_sin,1.0,3.0,1000,1.6158392320422547e-06,1.8698251097032352,1157185.1163311393,,,,,
rate,nonconvex_sin,1.0,3.0,10000,1.0501447526458095e-28,0.18698251097032353,1.7805403540723931e+27,,,,,
rate,nonconvex_sin,1.0,3.0,20000,1.0501447526458095e-28,0.09349125548516177,8.902701770361966e+26,,,,,
rate,nonconvex_sin,1.0,4.0,10,25.910228927337588,211.39964512267073,8.158926179908251,,,,,
rate,nonconvex_sin,1.0,4.0,100,1.3715091732526663,21.139964512267074,15.413651563213106,,,,,
rate,nonconvex_sin,1.0,4.0,1000,3.293018006069769e-06,2.1139964512267073,641963.2225909906,,,,,
rate,nonconvex_sin,1.0,4.0,10000,5.535593147581563e-29,0.21139964512267076,3.818915868393053e+27,,,,,
rate,nonconvex_sin,1.0,4.0,20000,5.535593147581563e-29,0.10569982256133538,1.9094579341965265e+27,,,,,
rate,nonconvex_sin,1.0,5.0,10,25.63322560766521,208.33573171144235,8.127565952883543,,,,,
rate,nonconvex_sin,1.0,5.0,100,1.6738516645375974,20.833573171144234,12.446487112643593,,,,,
rate,nonconvex_sin,1.0,5.0,1000,1.5994969655077279e-06,2.0833573171144235,1302507.8271737164,,,,,
rate,nonconvex_sin,1.0,5.0,10000,7.694997166543148e-29,0.20833573171144237,2.7074179132548506e+27,,,,,
rate,nonconvex_sin,1.0,5.0,20000,7.694997166543148e-29,0.10416786585572119,1.3537089566274253e+27,,,,,
rate,nonconvex_sin,1.0,6.0,10,24.903629848414482,185.2098067613513,7.437060697123351,,,,,
rate,nonconvex_sin,1.0,6.0,100,0.8819005946856276,18.520980676135128,21.001211233718838,,,,,
rate,nonconvex_sin,1.0,6.0,1000,1.2029667369432692e-06,1.852098067613513,1539608.7113095764,,,,,
rate,nonconvex_sin,1.0,6.0,10000,3.5000520272892644e-29,0.18520980676135132,5.291630104847139e+27,,,,,
rate,nonconvex_sin,1.0,6.0,20000,3.3722878650790994e-29,0.09260490338067566,2.7460557071542746e+27,,,,,
rate,nonconvex_sin,1.0,7.0,10,23.01654362070059,191.40343202661583,8.315906818192792,,,,,
rate,nonconvex_sin,1.0,7.0,100,1.614604182688281,19.140343202661583,11.854511098065734,,,,,
rate,nonconvex_sin,1.0,7.0,1000,3.6923855041681084e-06,1.9140343202661583,518373.37084806606,,,,,
rate,nonconvex_sin,1.0,7.0,10000,6.36771252044782e-29,0.19140343202661583,3.005842858200437e+27,,,,,
rate,nonconvex_sin,1.0,7.0,20000,6.36771252044782e-29,0.09570171601330792,1.5029214291002184e+27,,,,,
rate,nonconvex_sin,1.5,0.0,10,22.961666871399377,275.3565022529269,11.992008411022885,,,,,
rate,nonconvex_sin,1.5,0.0,100,0.30677213808875076,27.535650225292688,89.75929299461505,,,,,
rate,nonconvex_sin,1.5,0.0,1000,8.943591795231722e-09,2.7535650225292683,307881339.57515055,,,,,
rate,nonconvex_sin,1.5,0.0,10000,2.626539870072744e-29,0.27535650225292685,1.0483621641932307e+28,,,,,
rate,nonconvex_sin,1.5,0.0,20000,2.626539870072744e-29,0.13767825112646342,5.241810820966154e+27,,,,,
rate,nonconvex_sin,1.5,1.0,10,22.77011638766766,272.1348578914155,11.951403904057525,,,,,
rate,nonconvex_sin,1.5,1.0,100,0.54620720061186,27.21348578914155,49.82264195465945,,,,,
rate,nonconvex_sin,1.5,1.0,1000,5.891314638144041e-09,2.7213485789141547,461925520.20468384,,,,,
rate,nonconvex_sin,1.5,1.0,10000,1.7434752043169864e-29,0.2721348578914155,1.5608759861774202e+28,,,,,
rate,nonconvex_sin,1.5,1.0,20000,1.7434752043169864e-29,0.13606742894570775,7.804379930887101e+27,,,,,
rate,nonconvex_sin,1.5,2.0,10,23.22435096590431,255.3915744589774,10.99671525089842,,,,,
rate,nonconvex_sin,1.5,2.0,100,0.2616314769321636,25.53915744589774,97.6150031539194,,,,,
rate,nonconvex_sin,1.5,2.0,1000,3.2953789617904177e-09,2.5539157445897738,774999104.5649577,,,,,
rate,nonconvex_sin,1.5,2.0,10000,2.2411416798768013e-29,0.25539157445897737,1.1395601480804935e+28,,,,,
rate,nonconvex_sin,1.5,2.0,20000,2.2411416798768013e-29,0.12769578722948868,5.697800740402468e+27,,,,,
rate,nonconvex_sin,1.5,3.0,10,24.28740311069211,271.223631368485,11.167255310596934,,,,,
rate,nonconvex_sin,1.5,3.0,100,0.27853154554887255,27.1223631368485,97.37627055277109,,,,,
rate,nonconvex_sin,1.5,3.0,1000,3.384990618786038e-09,2.7122363136848495,801253716.5191734,,,,,
rate,nonconvex_sin,1.5,3.0,10000,3.298226755956263e-29,0.271223631368485,8.223316692179597e+27,,,,,
rate,nonconvex_sin,1.5,3.0,20000,3.298226755956263e-29,0.1356118156842425,4.1116583460897983e+27,,,,,
rate,nonconvex_sin,1.5,4.0,10,20.930051062943654,243.2399681326474,11.621565919793676,,,,,
rate,nonconvex_sin,1.5,4.0,100,0.38622439173951195,24.323996813264742,62.97892451513005,,,,,
rate,nonconvex_sin,1.5,4.0,1000,4.520452776244014e-09,2.432399681326474,538087621.2465433,,,,,
rate,nonconvex_sin,1.5,4.0,10000,3.3481686863377315e-29,0.2432399681326474,7.264865988538537e+27,,,,,
rate,nonconvex_sin,1.5,4.0,20000,3.3481686863377315e-29,0.1216199840663237,3.6324329942692684e+27,,,,,
rate,nonconvex_sin,1.5,5.0,10,20.019223959720154,236.04530860288787,11.790932010043186,,,,,
rate,nonconvex_sin,1.5,5.0,100,0.4020306389196591,23.604530860288786,58.7132635555318,,,,,
rate,nonconvex_sin,1.5,5.0,1000,4.047431288130689e-09,2.3604530860288784,583197815.5999917,,,,,
rate,nonconvex_sin,1.5,5.0,10000,3.5673003842126023e-29,0.23604530860288786,6.616917085186515e+27,,,,,
rate,nonconvex_sin,1.5,5.0,20000,3.5673003842126023e-29,0.11802265430144393,3.3084585425932575e+27,,,,,
rate,nonconvex_sin,1.5,6.0,10,20.33792903383936,265.5029428948792,13.054571212886074,,,,,
rate,nonconvex_sin,1.5,6.0,100,0.3802818402727468,26.550294289487923,69.81741297571676,,,,,
rate,nonconvex_sin,1.5,6.0,1000,5.388406244639567e-09,2.655029428948792,492730003.7167832,,,,,
rate,nonconvex_sin,1.5,6.0,10000,2.185628901905481e-29,0.2655029428948792,1.2147668008206137e+28,,,,,
rate,nonconvex_sin,1.5,6.0,20000,2.185628901905481e-29,0.1327514714474396,6.073834004103069e+27,,,,,
rate,nonconvex_sin,1.5,7.0,10,24.955921271719806,284.849275823627,11.414095786013712,,,,,
rate,nonconvex_sin,1.5,7.0,100,0.3147211224086385,28.4849275823627,90.50847100557,,,,,
rate,nonconvex_sin,1.5,7.0,1000,4.677253456562746e-09,2.8484927582362696,609009707.2330972,,,,,
rate,nonconvex_sin,1.5,7.0,10000,3.17985292099283e-29,0.28484927582362696,8.957938712922919e+27,,,,,
rate,nonconvex_sin,1.5,7.0,20000,3.17985292099283e-29,0.14242463791181348,4.4789693564614596e+27,,,,,
rate,nonconvex_sin,1.9,0.0,10,21.52437398607986,1070.9326056056775,49.75441359169219,,,,,
rate,nonconvex_sin,1.9,0.0,100,0.1905963870299198,107.09326056056773,561.8850505479742,,,,,
rate,nonconvex_sin,1.9,0.0,1000,3.264964832566052e-11,10.709326056056772,328007393808.2798,,,,,
rate,nonconvex_sin,1.9,0.0,10000,2.3269454302650732e-29,1.0709326056056774,4.602310787682212e+28,,,,,
rate,nonconvex_sin,1.9,0.0,20000,2.3269454302650732e-29,0.5354663028028387,2.301155393841106e+28,,,,,
rate,nonconvex_sin,1.9,1.0,10,17.939844217319205,982.9902282134,54.793688078094725,,,,,
rate,nonconvex_sin,1.9,1.0,100,0.16629764706768932,98.29902282133999,591.1029082770403,,,,,
rate,nonconvex_sin,1.9,1.0,1000,2.207290211275183e-11,9.829902282133999,445338009108.2416,,,,,
rate,nonconvex_sin,1.9,1.0,10000,1.7273860481964048e-29,0.9829902282134,5.690622714243628e+28,,,,,
rate,nonconvex_sin,1.9,1.0,20000,1.7273860481964048e-29,0.4914951141067,2.845311357121814e+28,,,,,
rate,nonconvex_sin,1.9,2.0,10,18.558266218524448,1044.011097408158,56.2558530584096,,,,,
rate,nonconvex_sin,1.9,2.0,100,0.35105335025025347,104.40110974081578,297.39385670694196,,,,,
rate,nonconvex_sin,1.9,2.0,1000,5.8160282489638814e-11,10.440110974081579,179505850507.88693,,,,,
rate,nonconvex_sin,1.9,2.0,10000,2.1570730819037707e-29,1.044011097408158,4.839943097740313e+28,,,,,
rate,nonconvex_sin,1.9,2.0,20000,2.1570730819037707e-29,0.522005548704079,2.4199715488701567e+28,,,,,
rate,nonconvex_sin,1.9,3.0,10,17.36560049097114,885.0942130651312,50.96824688125909,,,,,
rate,nonconvex_sin,1.9,3.0,100,0.17767975820467005,88.50942130651309,498.1401494511193,,,,,
rate,nonconvex_sin,1.9,3.0,1000,2.1088173927137793e-11,8.85094213065131,419711168981.8375,,,,,
rate,nonconvex_sin,1.9,3.0,10000,2.1956496490536586e-29,0.885094213065131,4.031126794052108e+28,,,,,
rate,nonconvex_sin,1.9,3.0,20000,2.1956496490536586e-29,0.4425471065325655,2.015563397026054e+28,,,,,
rate,nonconvex_sin,1.9,4.0,10,19.677885766124874,1057.0207079431143,53.71617258611982,,,,,
rate,nonconvex_sin,1.9,4.0,100,0.49263360731684885,105.70207079431141,214.56528589273984,,,,,
rate,nonconvex_sin,1.9,4.0,1000,1.9862523999189605e-11,10.570207079431142,532168372955.13947,,,,,
rate,nonconvex_sin,1.9,4.0,10000,7.043925382839363e-30,1.0570207079431142,1.5006131531692002e+29,,,,,
rate,nonconvex_sin,1.9,4.0,20000,6.594220748821191e-30,0.5285103539715571,8.014750705244978e+28,,,,,
rate,nonconvex_sin,1.9,5.0,10,19.882410906357045,1059.733862990125,53.30006848672935,,,,,
rate,nonconvex_sin,1.9,5.0,100,0.25481703018713325,105.97338629901249,415.8803131061823,,,,,
rate,nonconvex_sin,1.9,5.0,1000,3.3420896918673974e-11,10.59733862990125,317087200133.7574,,,,,
rate,nonconvex_sin,1.9,5.0,10000,1.0962388194562248e-29,1.059733862990125,9.666998141114838e+28,,,,,
rate,nonconvex_sin,1.9,5.0,20000,1.0962388194562248e-29,0.5298669314950625,4.833499070557419e+28,,,,,
rate,nonconvex_sin,1.9,6.0,10,19.437199080295006,1105.7193439219561,56.88676333221845,,,,,
rate,nonconvex_sin,1.9,6.0,100,0.2547857929530264,110.57193439219559,433.9799841688237,,,,,
rate,nonconvex_sin,1.9,6.0,1000,4.321442160809905e-11,11.05719343921956,255868134473.59134,,,,,
rate,nonconvex_sin,1.9,6.0,10000,1.6293202825066003e-29,1.1057193439219561,6.786384210603951e+28,,,,,
rate,nonconvex_sin,1.9,6.0,20000,1.6293202825066003e-29,0.5528596719609781,3.3931921053019756e+28,,,,,
rate,nonconvex_sin,1.9,7.0,10,22.84893751875447,1168.288113352773,51.13096013299695,,,,,
rate,nonconvex_sin,1.9,7.0,100,0.1986959786960094,116.82881133527728,587.9777341343026,,,,,
rate,nonconvex_sin,1.9,7.0,1000,2.480221423869625e-11,11.68288113352773,471041860258.59644,,,,,
rate,nonconvex_sin,1.9,7.0,10000,2.0250355651161058e-29,1.168288113352773,5.769222691581661e+28,,,,,
rate,nonconvex_sin,1.9,7.0,20000,2.0250355651161058e-29,0.5841440566763865,2.8846113457908303e+28,,,,,
threshold,,0.5,,200,,,,0.4999999999999999,0.5000000000000006,False,False,6.661338147750939e-16
threshold,,1.0,,200,,,,2.220446049250313e-16,4.593543159442318e-15,False,False,4.371498554517287e-15
threshold,,1.5,,200,,,,0.5000000000000004,0.49999999999999833,False,False,2.1094237467877974e-15
threshold,,1.9,,200,,,,0.9000000000000004,0.8999999999999974,False,False,2.9976021664879227e-15
threshold,,1.99,,200,,,,0.9900000000000004,0.9899999999999974,False,False,2.9976021664879227e-15
threshold,,1.999,,200,,,,0.9990000000000006,0.9989999999999974,False,False,3.1086244689504383e-15
threshold,,2.001,,200,,,,1.0010000000000003,1.0009999999999972,True,True,3.1086244689504383e-15
threshold,,2.01,,200,,,,1.0100000000000002,1.0099999999999973,True,True,2.886579864025407e-15
threshold,,2.1,,200,,,,1.1000000000000005,1.0999999999999974,True,True,3.1086244689504383e-15
threshold,,3.0,,200,,,,2.000000000000001,1.9999999999999964,True,True,4.440892098500626e-15
