kind,mu,R0,R,muR,k_log10,sin_yk_err,k_exact,log10_L_F,log10_floor,ratio,satisfied,fitted_slope,expected,rel_err,n,max_abs_d2F,bound_Lf_plus_Gf,t,rho,op_norm,op_norm_over_t,expm_equals_I_plus_tN
lower_bound,0.1,25.310242469692906,25.310242469692906,2.5310242469692907,0.0,0.0,True,-0.20982023726765703,-0.40364026328376995,1.5625000000000002,True,,,,,,,,,,,
lower_bound,0.1,25.310242469692906,37.96536370453936,3.7965363704539357,0.7781512503836436,0.0,True,1.1881197714043805,0.6955696007383261,3.108494982263583,True,,,,,,,,,,,
lower_bound,0.1,25.310242469692906,50.62048493938581,5.0620484939385815,1.380211241711606,0.0,True,2.3657832225927953,1.7947794647604225,3.7239492847295175,True,,,,,,,,,,,
lower_bound,0.1,25.310242469692906,75.93072740907871,7.593072740907871,2.4983105537896004,0.0,True,4.593669927206468,3.9931991928046147,3.9853891525392897,True,,,,,,,,,,,
lower_bound,0.1,25.310242469692906,126.55121234846453,12.655121234846455,4.697865493028046,0.0,True,8.992095076765398,8.390038648893,3.9999671794960054,True,,,,,,,,,,,
lower_bound,0.1,25.310242469692906,253.10242469692906,25.31024246969291,10.19391877185357,0.0,True,19.984197280437265,19.382137289113963,3.999999999957082,True,,,,,,,,,,,
lower_bound,0.1,25.310242469692906,1012.4096987877163,101.24096987877164,43.17021469252573,1.6678086589876414e-82,True,85.9367891217677,85.33472913043974,4.0,True,,,,,,,,,,,
lower_bound,0.1,25.310242469692906,3037.2290963631485,303.72290963631485,131.10700381429342,6.382305689065137e-81,True,261.8103673653031,261.2083073739751,4.0,True,,,,,,,,,,,
lower_bound,0.1,25.310242469692906,7593.072740907872,759.3072740907872,328.9647793382708,4.955540204263318e-84,True,657.5259184132577,656.9238584219298,4.0,True,,,,,,,,,,,
lower_bound,0.25,10.124096987877163,10.124096987877163,2.5310242469692907,0.0,0.0,True,0.5860597800764181,0.39223975406030526,1.5625000000000002,True,,,,,,,,,,,
lower_bound,0.25,10.124096987877163,15.186145481815744,3.796536370453936,0.7781512503836436,0.0,True,1.9839997887484557,1.4914496180824015,3.1084949822635815,True,,,,,,,,,,,
lower_bound,0.25,10.124096987877163,20.248193975754326,5.0620484939385815,1.380211241711606,0.0,True,3.1616632399368703,2.5906594821044977,3.723949284729517,True,,,,,,,,,,,
lower_bound,0.25,10.124096987877163,30.37229096363149,7.593072740907872,2.4983105537896004,0.0,True,5.389549944550544,4.7890792101486905,3.985389152539286,True,,,,,,,,,,,
lower_bound,0.25,10.124096987877163,50.62048493938582,12.655121234846455,4.697865493028046,0.0,True,9.787975094109473,9.185918666237075,3.9999671794959997,True,,,,,,,,,,,
lower_bound,0.25,10.124096987877163,101.24096987877164,25.31024246969291,10.19391877185357,0.0,True,20.78007729778134,20.178017306458038,3.9999999999570703,True,,,,,,,,,,,
lower_bound,0.25,10.124096987877163,404.96387951508655,101.24096987877164,43.17021469252574,6.402532129780334e-81,True,86.73266913911178,86.13060914778382,4.0,True,,,,,,,,,,,
lower_bound,0.25,10.124096987877163,1214.8916385452596,303.7229096363149,131.10700381429345,5.68256529236436e-82,True,262.6062473826472,262.00418739131925,4.0,True,,,,,,,,,,,
lower_bound,0.25,10.124096987877163,3037.229096363149,759.3072740907872,328.9647793382708,4.5954899834293374e-82,True,658.3217984306018,657.7197384392739,4.0,True,,,,,,,,,,,
lower_bound,0.5,5.0620484939385815,5.0620484939385815,2.5310242469692907,0.0,0.0,True,1.1881197714043805,0.9942997453882677,1.5625000000000002,True,,,,,,,,,,,
lower_bound,0.5,5.0620484939385815,7.593072740907872,3.796536370453936,0.7781512503836436,0.0,True,2.5860597800764182,2.093509609410364,3.1084949822635815,True,,,,,,,,,,,
lower_bound,0.5,5.0620484939385815,10.124096987877163,5.0620484939385815,1.380211241711606,0.0,True,3.7637232312648328,3.19271947343246,3.723949284729517,True,,,,,,,,,,,
lower_bound,0.5,5.0620484939385815,15.186145481815744,7.593072740907872,2.4983105537896004,0.0,True,5.991609935878506,5.391139201476652,3.985389152539286,True,,,,,,,,,,,
lower_bound,0.5,5.0620484939385815,25.31024246969291,12.655121234846455,4.697865493028046,0.0,True,10.390035085437436,9.787978657565038,3.9999671794959997,True,,,,,,,,,,,
lower_bound,0.5,5.0620484939385815,50.62048493938582,25.31024246969291,10.19391877185357,0.0,True,21.382137289109302,20.780077297786,3.9999999999570703,True,,,,,,,,,,,
lower_bound,0.5,5.0620484939385815,202.48193975754327,101.24096987877164,43.17021469252574,6.402532129780334e-81,True,87.33472913043974,86.73266913911178,4.0,True,,,,,,,,,,,
lower_bound,0.5,5.0620484939385815,607.4458192726298,303.7229096363149,131.10700381429345,5.68256529236436e-82,True,263.2083073739752,262.6062473826472,4.0,True,,,,,,,,,,,
lower_bound,0.5,5.0620484939385815,1518.6145481815745,759.3072740907872,328.9647793382708,4.5954899834293374e-82,True,658.9238584219298,658.3217984306018,4.0,True,,,,,,,,,,,
lower_bound,1.0,2.5310242469692907,2.5310242469692907,2.5310242469692907,0.0,0.0,True,1.790179762732343,1.59635973671623,1.5625000000000002,True,,,,,,,,,,,
lower_bound,1.0,2.5310242469692907,3.796536370453936,3.796536370453936,0.7781512503836436,0.0,True,3.1881197714043807,2.695569600738326,3.1084949822635815,True,,,,,,,,,,,
lower_bound,1.0,2.5310242469692907,5.0620484939385815,5.0620484939385815,1.380211241711606,0.0,True,4.365783222592795,3.7947794647604223,3.723949284729517,True,,,,,,,,,,,
lower_bound,1.0,2.5310242469692907,7.593072740907872,7.593072740907872,2.4983105537896004,0.0,True,6.593669927206468,5.993199192804615,3.985389152539286,True,,,,,,,,,,,
lower_bound,1.0,2.5310242469692907,12.655121234846455,12.655121234846455,4.697865493028046,0.0,True,10.992095076765398,10.390038648893,3.9999671794959997,True,,,,,,,,,,,
lower_bound,1.0,2.5310242469692907,25.31024246969291,25.31024246969291,10.19391877185357,0.0,True,21.984197280437265,21.382137289113963,3.9999999999570703,True,,,,,,,,,,,
lower_bound,1.0,2.5310242469692907,101.24096987877164,101.24096987877164,43.17021469252574,6.402532129780334e-81,True,87.9367891217677,87.33472913043974,4.0,True,,,,,,,,,,,
lower_bound,1.0,2.5310242469692907,303.7229096363149,303.7229096363149,131.10700381429345,5.68256529236436e-82,True,263.81036736530314,263.2083073739752,4.0,True,,,,,,,,,,,
lower_bound,1.0,2.5310242469692907,759.3072740907872,759.3072740907872,328.9647793382708,4.5954899834293374e-82,True,659.5259184132577,658.9238584219298,4.0,True,,,,,,,,,,,
growth_rate,0.1,,,,,,,,,,,0.20016053049761007,0.2,0.0008026524880502817,,,,,,,,
growth_rate,0.25,,,,,,,,,,,0.5004013262440252,0.5,0.0008026524880504482,,,,,,,,
growth_rate,0.5,,,,,,,,,,,1.0008026524880507,1.0,0.0008026524880506702,,,,,,,,
growth_rate,1.0,,,,,,,,,,,2.001605304976101,2.0,0.0008026524880504482,,,,,,,,
so_contrast,,,1.0,,,,,,,,,,,,4.0,0.3765773026742636,2.0,,,,,
so_contrast,,,10.0,,,,,,,,,,,,4.0,0.3367099155049402,2.0,,,,,
so_contrast,,,100.0,,,,,,,,,,,,4.0,0.3975050510973688,2.0,,,,,
so_contrast,,,1000.0,,,,,,,,,,,,4.0,0.2866902382159253,2.0,,,,,
so_contrast,,,1.0,,,,,,,,,,,,8.0,0.21305640585111973,2.0,,,,,
so_contrast,,,10.0,,,,,,,,,,,,8.0,0.14812057136381895,2.0,,,,,
so_contrast,,,100.0,,,,,,,,,,,,8.0,0.1566333396318953,2.0,,,,,
so_contrast,,,1000.0,,,,,,,,,,,,8.0,0.17494267146034304,2.0,,,,,
so_contrast,,,1.0,,,,,,,,,,,,16.0,0.05750923071090597,2.0,,,,,
so_contrast,,,10.0,,,,,,,,,,,,16.0,0.10897275304344589,2.0,,,,,
so_contrast,,,100.0,,,,,,,,,,,,16.0,0.08438452159253984,2.0,,,,,
so_contrast,,,1000.0,,,,,,,,,,,,16.0,0.0700013685905887,2.0,,,,,
so_contrast,,,1.0,,,,,,,,,,,,32.0,0.026281521403603847,2.0,,,,,
so_contrast,,,10.0,,,,,,,,,,,,32.0,0.035371805484629704,2.0,,,,,
so_contrast,,,100.0,,,,,,,,,,,,32.0,0.016567081040363973,2.0,,,,,
so_contrast,,,1000.0,,,,,,,,,,,,32.0,0.016742740527320166,2.0,,,,,
nilpotent,,,,,,,,,,,,,,,,,,1.0,1.0,1.618033988749895,1.618033988749895,0.0
nilpotent,,,,,,,,,,,,,,,,,,10.0,1.0,10.099019513592786,1.0099019513592786,0.0
nilpotent,,,,,,,,,,,,,,,,,,100.0,1.0,100.00999900019995,1.0000999900019996,0.0
nilpotent,,,,,,,,,,,,,,,,,,1000.0,1.0000000000000002,1000.0009999990002,1.0000009999990003,1.1368705456184373e-13
nilpotent,,,,,,,,,,,,,,,,,,10000.0,1.0,10000.0001,1.00000001,0.0
nilpotent,,,,,,,,,,,,,,,,,,100000.0,1.0,100000.00000999999,1.0000000000999998,1.4551915228790368e-11
nilpotent,,,,,,,,,,,,,,,,,,1000000.0,1.0000000000000002,1000000.0000010002,1.0000000000010003,1.1641532182714657e-10
