arm,theta_lr,seed,auc,r_task,r_geo,rho,orth_err,recon_err,status
baseline_ppo,,0,6.468694921088812,0.1888382065015251,0.5387519277841163,,,0.0,ok
so_expm,0.0003,0,7.058434053590499,0.16989814391525065,0.6417003622094479,1.000001072883606,2.4793851776117037e-06,0.0,ok
so_expm,0.003,0,7.8663355713548695,0.14581730585439054,0.7794282206692114,1.0000008344650269,1.809258524110291e-06,0.0,ok
so_expm,0.01,0,8.148911273643025,0.14057944181205764,0.8225197045369074,1.0000008344650269,9.82772355495598e-07,0.0,ok
so_expm,0.03,0,8.801884045656061,0.14927651753457025,0.8923004203623781,1.0000008344650269,2.143579993285627e-06,0.0,ok
so_expm,0.1,0,8.359119078208186,0.14803034929707665,0.8382907951849823,1.0000009536743164,1.5641515771491754e-06,0.0,ok
so_cayley,0.0003,0,6.887999518582309,0.1590255450079704,0.6365483415594945,1.000001311302185,2.6058601185208197e-07,0.0,ok
so_cayley,0.003,0,8.010237751202576,0.15892999012886852,0.7776512420379246,1.000001311302185,5.333776555982439e-07,1.7763568394002505e-15,ok
so_cayley,0.01,0,8.048631091392384,0.15015366898146404,0.7955680933299164,1.0000009536743164,1.8956721969942691e-07,1.7763568394002505e-15,ok
so_cayley,0.03,0,8.247083570903486,0.14221708146834475,0.8320212921328223,1.0000007152557373,2.1601486133171477e-07,0.0,ok
so_cayley,0.1,0,8.370346695847136,0.14613509747629744,0.841934050486423,1.0000007152557373,3.4069816445825296e-07,0.0,ok
baseline_ppo,,1,6.414925951869051,0.17890876808510978,0.5474137968316984,,,8.881784197001252e-16,ok
so_expm,0.0003,1,6.79367627899512,0.15512251052894308,0.6305559533945595,1.000001072883606,1.9283890548837945e-06,0.0,ok
so_expm,0.003,1,7.956174211643248,0.15682757016753818,0.773841678197061,1.0000010132789612,1.6374246989414587e-06,8.881784197001252e-16,ok
so_expm,0.01,1,8.604752377931524,0.1601798915496544,0.8509797642633942,1.000001072883606,1.8435952644502152e-06,0.0,ok
so_expm,0.03,1,8.50207147352602,0.14746249236952594,0.8571338028396791,1.0000009536743164,1.3455163907494239e-06,1.7763568394002505e-15,ok
so_expm,0.1,1,8.51169125842603,0.14774587605062375,0.857439942296408,1.0000009536743164,2.7906929846999162e-06,0.0,ok
so_cayley,0.0003,1,6.724484613475861,0.14939265104918537,0.630763074402868,1.000001311302185,4.3235843261157925e-07,0.0,ok
so_cayley,0.003,1,7.977338955778235,0.1555110557621937,0.7789798124690852,1.0000009536743164,2.9786173572077246e-07,0.0,ok
so_cayley,0.01,1,8.357319512081794,0.16110436087432953,0.8183196311454598,1.0000009536743164,2.0154816793294117e-07,1.7763568394002505e-15,ok
so_cayley,0.03,1,8.34474740705632,0.15033643803820024,0.8327307199507331,1.0000007152557373,1.8676783097859584e-07,0.0,ok
so_cayley,0.1,1,8.722830293128819,0.15695949366159587,0.8701928358966485,1.0000007152557373,2.308250014876334e-07,0.0,ok
baseline_ppo,,2,6.481804715438096,0.18803803511972347,0.5420253044457174,,,8.881784197001252e-16,ok
so_expm,0.0003,2,6.902888395393958,0.14657802168067094,0.6572618259715227,1.0000011920928955,2.352385087611708e-06,8.881784197001252e-16,ok
so_expm,0.003,2,8.072413793534174,0.1616856844049043,0.781765296135998,1.0000011920928955,2.3337909760279274e-06,1.7763568394002505e-15,ok
so_expm,0.01,2,8.664895253909576,0.1621792454267664,0.8559316120982171,1.0000009536743164,1.6346655300480961e-06,0.0,ok
so_expm,0.03,2,8.495980419333135,0.14716708351625557,0.8570267513157801,1.0000009536743164,1.460328467262073e-06,0.0,ok
so_expm,0.1,2,8.504709597817397,0.14491648907510724,0.8609821061751494,1.0000010132789612,2.2925462150880094e-06,0.0,ok
so_cayley,0.0003,2,7.10336897348466,0.16447183285853498,0.6565178349562611,1.000001311302185,4.121250397615128e-07,0.0,ok
so_cayley,0.003,2,7.953987207450079,0.14564893389046588,0.7914798532559225,1.0000009536743164,3.071895535722291e-07,0.0,ok
so_cayley,0.01,2,8.20546213087495,0.15632648079612027,0.8062672471627593,1.0000010132789612,2.020993188356357e-07,0.0,ok
so_cayley,0.03,2,8.372033230678847,0.14806304538907655,0.8397841887271031,1.0000007152557373,2.7555335979645434e-07,0.0,ok
so_cayley,0.1,2,8.685208972714491,0.15593379527677073,0.8673560314544166,1.0000008344650269,2.078120325821331e-07,0.0,ok
baseline_ppo,,3,6.503395465237937,0.18732089477923466,0.545852695877136,,,0.0,ok
so_expm,0.0003,3,6.853995033989603,0.15277631357353955,0.6416986939518712,1.000001072883606,1.6201651344971424e-06,0.0,ok
so_expm,0.003,3,7.945432040574923,0.15385127619904093,0.7774812373950767,1.0000008940696716,2.1765233648718407e-06,0.0,ok
so_expm,0.01,3,8.470513734146044,0.14620490469594158,0.8549053101929835,1.0000008344650269,1.3780198928614595e-06,0.0,ok
so_expm,0.03,3,8.482135154322703,0.15851171304932424,0.8379569599770942,1.0000008940696716,9.343823861307499e-07,0.0,ok
so_expm,0.1,3,8.612954742228444,0.14648397881620434,0.8723039282348938,1.0000009536743164,3.0408027444916996e-06,0.0,ok
so_cayley,0.0003,3,7.101300921492482,0.17079304327742004,0.6463626869497201,1.0000008344650269,4.4241808128120397e-07,0.0,ok
so_cayley,0.003,3,7.8689508221355835,0.15293582912337253,0.7693376199071608,1.0000008344650269,2.3468959886585594e-07,1.7763568394002505e-15,ok
so_cayley,0.01,3,7.986236912131204,0.14170799449589222,0.8003637770342331,1.0000009536743164,2.7983016059884847e-07,0.0,ok
so_cayley,0.03,3,8.222843009565397,0.14308372659977517,0.8282786393762877,1.0000007152557373,3.0079573032359974e-07,0.0,ok
so_cayley,0.1,3,8.326442383531035,0.14614380177426428,0.8368153056575608,1.0000007152557373,2.5223029898047145e-07,0.0,ok
baseline_ppo,,4,6.658981081208576,0.1907717880093884,0.5599834830638332,,,8.881784197001252e-16,ok
so_expm,0.0003,4,6.8739969262271625,0.17534271396545134,0.6107118086427916,1.0000010132789612,1.7798549150072063e-06,0.0,ok
so_expm,0.003,4,8.000650785745359,0.16772026485042293,0.7637861901253152,1.0000008940696716,2.056520125526262e-06,0.0,ok
so_expm,0.01,4,8.393843040560188,0.1644351509948285,0.8180992280236137,1.0000008344650269,2.0074167788042274e-06,0.0,ok
so_expm,0.03,4,8.890901023098523,0.16530894888930878,0.8792396494646867,1.0000009536743164,1.394476914384768e-06,0.0,ok
so_expm,0.1,4,8.666094814117127,0.15637373575711827,0.8639495361667747,1.0000008344650269,2.2432304176422946e-06,1.7763568394002505e-15,ok
so_cayley,0.0003,4,7.136841617924015,0.17716409992857804,0.6415540087979442,1.000001072883606,6.084224515312542e-07,8.881784197001252e-16,ok
so_cayley,0.003,4,8.066737676547897,0.174268231727092,0.7622386006355285,1.0000010132789612,3.560565633442536e-07,0.0,ok
so_cayley,0.01,4,8.013329179936658,0.15146066307778666,0.7898475131820579,1.0000008344650269,2.442949926795279e-07,0.0,ok
so_cayley,0.03,4,8.45890717726064,0.1630119382764491,0.8283625107790034,1.0000007152557373,2.5507307355177034e-07,0.0,ok
so_cayley,0.1,4,8.743756549660185,0.15553233535001956,0.8752560325620078,1.0000008344650269,2.27791654427989e-07,1.7763568394002505e-15,ok
baseline_ppo,,5,6.674923849939847,0.19191242380989923,0.5601332676424334,,,0.0,ok
so_expm,0.0003,5,6.764969500864172,0.16923438264551252,0.6061913993049955,1.000001072883606,1.2552533796839072e-06,8.881784197001252e-16,ok
so_expm,0.003,5,7.8228743742678795,0.1529101609544527,0.7636058633612625,1.0000009536743164,2.4525239523676134e-06,0.0,ok
so_expm,0.01,5,8.181747102490727,0.16137113895614041,0.7956349937881654,1.0000009536743164,1.5702029716457844e-06,0.0,ok
so_expm,0.03,5,8.605070818353107,0.15769487695681375,0.8545766127337391,1.0000008344650269,1.2645317652992816e-06,0.0,ok
so_expm,0.1,5,8.649091546284021,0.14918210979120045,0.8729128570943451,1.0000009536743164,1.967639154276668e-06,0.0,ok
so_cayley,0.0003,5,6.914792046638938,0.17229134245865918,0.620161072846859,1.0000016689300537,3.9048796574014943e-07,0.0,ok
so_cayley,0.003,5,7.921289385453702,0.15248986279645912,0.7762502448290277,1.0000011920928955,3.308325766671061e-07,0.0,ok
so_cayley,0.01,5,8.28391931130967,0.16235004642235534,0.8069370091296111,1.0000009536743164,2.771644795895867e-07,0.0,ok
so_cayley,0.03,5,8.399914350984881,0.16316363874388434,0.8205343845777834,1.0000007152557373,2.411335252583413e-07,0.0,ok
so_cayley,0.1,5,8.494208476915329,0.1544523446264163,0.8457014252447212,1.0000007152557373,2.4405142273753455e-07,0.0,ok
baseline_ppo,,6,6.49116823806936,0.1743520928696093,0.563612123193716,,,0.0,ok
so_expm,0.0003,6,7.090508488622295,0.1548287326032867,0.6685243223177267,1.0000009536743164,1.2819568551147853e-06,8.881784197001252e-16,ok
so_expm,0.003,6,8.446446564439274,0.16889902079564012,0.8183536910776049,1.0000011920928955,1.477278728012621e-06,0.0,ok
so_expm,0.01,6,8.602460772684152,0.15775292807690333,0.8544749436783293,1.0000009536743164,1.3074274232138805e-06,0.0,ok
so_expm,0.03,6,8.704917402439303,0.14905002795980934,0.8805058782765641,1.0000009536743164,2.2116100624192114e-06,0.0,ok
so_expm,0.1,6,8.453457399520076,0.1457922841363857,0.8535263821346687,1.0000008940696716,3.46455686939251e-06,0.0,ok
so_cayley,0.0003,6,7.358491742941827,0.177033751669181,0.6696629599100911,1.0000008344650269,4.5639840728917136e-07,0.0,ok
so_cayley,0.003,6,8.13851801253427,0.157432544496407,0.7964673781677459,1.0000011920928955,3.463926436797493e-07,0.0,ok
so_cayley,0.01,6,8.2208124661821,0.14949675987991468,0.8184286709114288,1.000001072883606,2.4813015109259595e-07,0.0,ok
so_cayley,0.03,6,8.354197994667757,0.14239002953715088,0.8458494159787271,1.0000007152557373,2.3096552137502613e-07,0.0,ok
so_cayley,0.1,6,8.646426431304587,0.15129477907927094,0.8694935204255706,1.0000007152557373,1.7470836199962037e-07,1.7763568394002505e-15,ok
baseline_ppo,,7,6.436954608204192,0.18192012962026818,0.5452376041238196,,,0.0,ok
so_expm,0.0003,7,7.048447383504901,0.15473702861547942,0.6637344144918645,1.0000009536743164,2.3550589396403865e-06,0.0,ok
so_expm,0.003,7,8.117875348926306,0.1583518010652278,0.7930131006956256,1.0000009536743164,1.7883694036768816e-06,0.0,ok
so_expm,0.01,7,8.21452932262288,0.14425668569487696,0.8256849454906924,1.0000009536743164,1.3155161351363631e-06,1.7763568394002505e-15,ok
so_expm,0.03,7,8.349938166251766,0.14568503718743997,0.8409084867909395,1.0000009536743164,1.632677053997611e-06,0.0,ok
so_expm,0.1,7,8.823289452871899,0.16614742590728165,0.8700198922427838,1.0000009536743164,1.913944943865431e-06,0.0,ok
so_cayley,0.0003,7,7.070239260893926,0.15534412880431886,0.665766745020449,1.0000009536743164,6.029887602565509e-07,8.881784197001252e-16,ok
so_cayley,0.003,7,7.911615667250074,0.1499403242958621,0.779243209344242,1.0000010132789612,2.1172822384230017e-07,8.881784197001252e-16,ok
so_cayley,0.01,7,8.180118054193548,0.1532196230633471,0.8077653386966944,1.0000008344650269,1.938134018830695e-07,1.7763568394002505e-15,ok
so_cayley,0.03,7,8.494384368566918,0.1513337271668124,0.8499514890160101,1.0000006556510925,2.6858182144984255e-07,1.7763568394002505e-15,ok
so_cayley,0.1,7,8.28636600508212,0.14589874320269483,0.8320410536605557,1.000000774860382,2.5380009224806876e-07,0.0,ok
baseline_ppo,,8,6.540013775730275,0.19677781095452598,0.5357911716757031,,,0.0,ok
so_expm,0.0003,8,6.82615726529949,0.1574704471602595,0.6308459993109107,1.0000009536743164,2.4141715634362626e-06,8.881784197001252e-16,ok
so_expm,0.003,8,7.921107705415704,0.1477935642286751,0.7829056147240258,1.000001072883606,2.9823117699834256e-06,0.0,ok
so_expm,0.01,8,8.450325593703038,0.15314886898365254,0.8420607711274488,1.0000009536743164,1.2561181838011137e-06,0.0,ok
so_expm,0.03,8,9.014900698889427,0.17150935304776235,0.8858850026334015,1.0000008344650269,1.479963694928088e-06,0.0,ok
so_expm,0.1,8,8.708455013522853,0.15435497915016158,0.8723185780390786,1.0000009536743164,2.0494296149031754e-06,0.0,ok
so_cayley,0.0003,8,6.9985457324907,0.1709093210212599,0.632812118730011,1.0000009536743164,3.612254484419708e-07,1.7763568394002505e-15,ok
so_cayley,0.003,8,8.167655548475476,0.1678390690115676,0.7843448710059125,1.0000011920928955,2.060519674884631e-07,0.0,ok
so_cayley,0.01,8,8.38430448213004,0.16338615684002025,0.8182393408395663,1.000001072883606,3.8036331906354803e-07,0.0,ok
so_cayley,0.03,8,8.35708983462918,0.15720957809996877,0.8236693720879965,1.0000008344650269,2.824527053357784e-07,0.0,ok
so_cayley,0.1,8,8.588123527455322,0.1592558028694804,0.8494963000982066,1.0000007152557373,2.1906849467789868e-07,0.0,ok
baseline_ppo,,9,6.397694755956924,0.1800872858010328,0.5433824560102074,,,0.0,ok
so_expm,0.0003,9,7.094259728741782,0.15208681940088856,0.6734002259786551,1.000001072883606,2.2419929288641782e-06,0.0,ok
so_expm,0.003,9,7.968753774858398,0.14220637435254824,0.7976373862219351,1.0000009536743164,1.6280315062733308e-06,0.0,ok
so_expm,0.01,9,8.519931604780414,0.15549778315810298,0.8478669834919275,1.000001072883606,1.6785615650771746e-06,0.0,ok
so_expm,0.03,9,8.709428865239808,0.15644241727705177,0.8695383861795069,1.0000009536743164,1.8497498071035068e-06,0.0,ok
so_expm,0.1,9,8.871262404386057,0.1619899565493144,0.8822575262961289,1.0000009536743164,1.7742468128023603e-06,3.552713678800501e-15,ok
so_cayley,0.0003,9,6.959593115154893,0.14989884315025126,0.65972102653527,1.0000015497207642,3.336074376747433e-07,0.0,ok
so_cayley,0.003,9,8.022350406925364,0.1512330948313777,0.7915552309351974,1.0000011324882507,3.547445370788438e-07,0.0,ok
so_cayley,0.01,9,8.200361801368823,0.15260579873343078,0.8111442103749452,1.0000009536743164,2.468719375592343e-07,0.0,ok
so_cayley,0.03,9,8.658225691926173,0.16934949990070775,0.8447777607181111,1.0000007152557373,2.981489301279172e-07,0.0,ok
so_cayley,0.1,9,8.187471120567123,0.1340002839271493,0.8376333928980865,1.0000008344650269,1.9157748587517176e-07,0.0,ok
