seed,split,arm,prompt_idx,eval_seed,reward,status
0,test,structured,0,0,0.6256998887331066,ok
0,test,control,0,0,0.6226006815346177,ok
0,test,structured,1,0,0.5873885078393751,ok
0,test,control,1,0,0.5802188319573411,ok
0,test,structured,2,0,0.5907631531900048,ok
0,test,control,2,0,0.608082008069659,ok
0,test,structured,3,0,0.6258954197420737,ok
0,test,control,3,0,0.5960038554255803,ok
0,test,structured,4,0,0.6186976568163033,ok
0,test,control,4,0,0.5820521501578049,ok
0,test,structured,5,0,0.5842235478113126,ok
0,test,control,5,0,0.591141056030875,ok
0,test,structured,6,0,0.6041660730230153,ok
0,test,control,6,0,0.581076341947717,ok
0,test,structured,7,0,0.6214590445631054,ok
0,test,control,7,0,0.5930422567110242,ok
0,test,structured,8,0,0.5649282634502959,ok
0,test,control,8,0,0.6049866038379927,ok
0,test,structured,9,0,0.6055457847421909,ok
0,test,control,9,0,0.6033736970171012,ok
0,test,structured,10,0,0.594999004694632,ok
0,test,control,10,0,0.6076507652216011,ok
0,test,structured,11,0,0.6101545513416972,ok
0,test,control,11,0,0.6246831670091513,ok
0,test,structured,0,1,0.6135973335481594,ok
0,test,control,0,1,0.6057077649044291,ok
0,test,structured,1,1,0.5826857586089241,ok
0,test,control,1,1,0.5801361123260775,ok
0,test,structured,2,1,0.6287210110518717,ok
0,test,control,2,1,0.6252140435523879,ok
0,test,structured,3,1,0.6206780451276275,ok
0,test,control,3,1,0.6175621554379531,ok
0,test,structured,4,1,0.5942096502505937,ok
0,test,control,4,1,0.5929266068733163,ok
0,test,structured,5,1,0.6017970151194156,ok
0,test,control,5,1,0.602157583834894,ok
0,test,structured,6,1,0.6069312020654956,ok
0,test,control,6,1,0.5800773847021882,ok
0,test,structured,7,1,0.5864906278214065,ok
0,test,control,7,1,0.5933479987700176,ok
0,test,structured,8,1,0.6230768452002594,ok
0,test,control,8,1,0.6130518996837231,ok
0,test,structured,9,1,0.5900688242705269,ok
0,test,control,9,1,0.5761934351625952,ok
0,test,structured,10,1,0.5756739427646931,ok
0,test,control,10,1,0.5919945488321112,ok
0,test,structured,11,1,0.5981887158176342,ok
0,test,control,11,1,0.5957819674991026,ok
0,test,structured,0,2,0.5852019048064202,ok
0,test,control,0,2,0.6090878696177593,ok
0,test,structured,1,2,0.5930897784347173,ok
0,test,control,1,2,0.61188150377943,ok
0,test,structured,2,2,0.6141688188588039,ok
0,test,control,2,2,0.5982940306048306,ok
0,test,structured,3,2,0.6040559350936274,ok
0,test,control,3,2,0.5946955127386563,ok
0,test,structured,4,2,0.6291780536533782,ok
0,test,control,4,2,0.6051366645168255,ok
0,test,structured,5,2,0.5987707182684529,ok
0,test,control,5,2,0.6020961959092144,ok
0,test,structured,6,2,0.6022289102063348,ok
0,test,control,6,2,0.618751177488061,ok
0,test,structured,7,2,0.5884095044189842,ok
0,test,control,7,2,0.60897607810783,ok
0,test,structured,8,2,0.6158977973545252,ok
0,test,control,8,2,0.6133879389531737,ok
0,test,structured,9,2,0.6060407428837005,ok
0,test,control,9,2,0.5821635749663286,ok
0,test,structured,10,2,0.6215208470661697,ok
0,test,control,10,2,0.5976432468965154,ok
0,test,structured,11,2,0.6121004437049578,ok
0,test,control,11,2,0.6461078795566876,ok
0,train,structured,0,0,0.5801868040340814,ok
0,train,control,0,0,0.5921772067542703,ok
0,train,structured,1,0,0.5959392271820559,ok
0,train,control,1,0,0.6029602636763837,ok
0,train,structured,2,0,0.6080446945379174,ok
0,train,control,2,0,0.5909838600776584,ok
0,train,structured,3,0,0.5761795306903245,ok
0,train,control,3,0,0.6158628079688908,ok
0,train,structured,4,0,0.6241368918851,ok
0,train,control,4,0,0.6143971747580923,ok
0,train,structured,5,0,0.5942225862352852,ok
0,train,control,5,0,0.5953217991266533,ok
0,train,structured,6,0,0.5906958143618709,ok
0,train,control,6,0,0.5784399295499734,ok
0,train,structured,7,0,0.6115858046375304,ok
0,train,control,7,0,0.616400804396007,ok
0,train,structured,8,0,0.5825755619868861,ok
0,train,control,8,0,0.5822985836670377,ok
0,train,structured,9,0,0.5894657440925949,ok
0,train,control,9,0,0.5970291282656451,ok
0,train,structured,10,0,0.6066226722161766,ok
0,train,control,10,0,0.6158807077376727,ok
0,train,structured,11,0,0.6041978040491075,ok
0,train,control,11,0,0.5933411297487302,ok
0,train,structured,0,1,0.6156346732523625,ok
0,train,control,0,1,0.5957350901979762,ok
0,train,structured,1,1,0.6289379761731833,ok
0,train,control,1,1,0.6076258824058617,ok
0,train,structured,2,1,0.6054560658223819,ok
0,train,control,2,1,0.6004352978833399,ok
0,train,structured,3,1,0.614566472848228,ok
0,train,control,3,1,0.60771362696303,ok
0,train,structured,4,1,0.6075266334573372,ok
0,train,control,4,1,0.6179573801387386,ok
0,train,structured,5,1,0.6144597533885645,ok
0,train,control,5,1,0.6037780728558629,ok
0,train,structured,6,1,0.5859995175134952,ok
0,train,control,6,1,0.59931929698582,ok
0,train,structured,7,1,0.6215316358620276,ok
0,train,control,7,1,0.6414645537875378,ok
0,train,structured,8,1,0.6133446683471289,ok
0,train,control,8,1,0.6452144098605592,ok
0,train,structured,9,1,0.6230789684728608,ok
0,train,control,9,1,0.6103390959215862,ok
0,train,structured,10,1,0.5851746798019609,ok
0,train,control,10,1,0.5929188353743291,ok
0,train,structured,11,1,0.5455606434690965,ok
0,train,control,11,1,0.6080623631896566,ok
0,train,structured,0,2,0.5932635679710294,ok
0,train,control,0,2,0.6396155457036227,ok
0,train,structured,1,2,0.6183497931738574,ok
0,train,control,1,2,0.6196777954699969,ok
0,train,structured,2,2,0.6154102878360015,ok
0,train,control,2,2,0.6229622263724247,ok
0,train,structured,3,2,0.59505431237531,ok
0,train,control,3,2,0.6312306174401519,ok
0,train,structured,4,2,0.6094725281410678,ok
0,train,control,4,2,0.6070569861205156,ok
0,train,structured,5,2,0.5916431246200543,ok
0,train,control,5,2,0.5942607028804365,ok
0,train,structured,6,2,0.6167438114028154,ok
0,train,control,6,2,0.6004099502527257,ok
0,train,structured,7,2,0.6112085966992775,ok
0,train,control,7,2,0.6242960431413829,ok
0,train,structured,8,2,0.6208129607596482,ok
0,train,control,8,2,0.6088223214912365,ok
0,train,structured,9,2,0.6149600452431108,ok
0,train,control,9,2,0.5839925364819776,ok
0,train,structured,10,2,0.5686474263852883,ok
0,train,control,10,2,0.5625047745697151,ok
0,train,structured,11,2,0.6199297074023606,ok
0,train,control,11,2,0.6173206118124317,ok
1,test,structured,0,0,0.6023559033865705,ok
1,test,control,0,0,0.6257891986371761,ok
1,test,structured,1,0,0.6062745489115366,ok
1,test,control,1,0,0.6169591165992554,ok
1,test,structured,2,0,0.6210559107247323,ok
1,test,control,2,0,0.7846551056993798,ok
1,test,structured,3,0,0.6550186634746892,ok
1,test,control,3,0,0.7933486409689444,ok
1,test,structured,4,0,0.6147715381652458,ok
1,test,control,4,0,0.6143221676692395,ok
1,test,structured,5,0,0.7338072976698056,ok
1,test,control,5,0,0.7866903083257158,ok
1,test,structured,6,0,0.736691005579184,ok
1,test,control,6,0,0.602192553614851,ok
1,test,structured,7,0,0.6017942934333764,ok
1,test,control,7,0,0.7948662757381005,ok
1,test,structured,8,0,0.6519987641535545,ok
1,test,control,8,0,0.785251424946541,ok
1,test,structured,9,0,0.7923326781787157,ok
1,test,control,9,0,0.7894499971580601,ok
1,test,structured,10,0,0.6363774027030576,ok
1,test,control,10,0,0.7596754523167017,ok
1,test,structured,11,0,0.6170059269283658,ok
1,test,control,11,0,0.7792836588867831,ok
1,test,structured,0,1,0.6352016780973028,ok
1,test,control,0,1,0.6303904601932909,ok
1,test,structured,1,1,0.6300935076738148,ok
1,test,control,1,1,0.6157264730376929,ok
1,test,structured,2,1,0.6230996372871322,ok
1,test,control,2,1,0.7846551056993798,ok
1,test,structured,3,1,0.6307042489329521,ok
1,test,control,3,1,0.7933486409689444,ok
1,test,structured,4,1,0.6280752928623425,ok
1,test,control,4,1,0.7642204531611164,ok
1,test,structured,5,1,0.662247522144783,ok
1,test,control,5,1,0.6151061937465361,ok
1,test,structured,6,1,0.5977731716463242,ok
1,test,control,6,1,0.6603082244000587,ok
1,test,structured,7,1,0.6397015733936229,ok
1,test,control,7,1,0.5847842808722986,ok
1,test,structured,8,1,0.6281753457185308,ok
1,test,control,8,1,0.7361356029463131,ok
1,test,structured,9,1,0.6600924999138017,ok
1,test,control,9,1,0.775736232689618,ok
1,test,structured,10,1,0.5943734102270427,ok
1,test,control,10,1,0.6055349274414358,ok
1,test,structured,11,1,0.6423341415493007,ok
1,test,control,11,1,0.7792836588867831,ok
1,test,structured,0,2,0.6066570517943017,ok
1,test,control,0,2,0.6261365609955132,ok
1,test,structured,1,2,0.619857057871081,ok
1,test,control,1,2,0.6417001471744015,ok
1,test,structured,2,2,0.60935310499396,ok
1,test,control,2,2,0.7846551056993798,ok
1,test,structured,3,2,0.6077487963018667,ok
1,test,control,3,2,0.7933486409689444,ok
1,test,structured,4,2,0.5859638590915627,ok
1,test,control,4,2,0.7642204531611164,ok
1,test,structured,5,2,0.6495628601229346,ok
1,test,control,5,2,0.7370958668321828,ok
1,test,structured,6,2,0.6439316808938776,ok
1,test,control,6,2,0.7402133833404462,ok
1,test,structured,7,2,0.6464765758765758,ok
1,test,control,7,2,0.7948662757381005,ok
1,test,structured,8,2,0.6617778437255847,ok
1,test,control,8,2,0.627862085733685,ok
1,test,structured,9,2,0.6267517925471321,ok
1,test,control,9,2,0.7894499971580601,ok
1,test,structured,10,2,0.6117037224749972,ok
1,test,control,10,2,0.6927949942033952,ok
1,test,structured,11,2,0.7403720838521386,ok
1,test,control,11,2,0.7792836588867831,ok
1,train,structured,0,0,0.6051416890268159,ok
1,train,control,0,0,0.7892035901070698,ok
1,train,structured,1,0,0.6074039249232378,ok
1,train,control,1,0,0.6301250941946219,ok
1,train,structured,2,0,0.6045963242018282,ok
1,train,control,2,0,0.6295459282220415,ok
1,train,structured,3,0,0.649678798286414,ok
1,train,control,3,0,0.6216142817809531,ok
1,train,structured,4,0,0.6260936450704817,ok
1,train,control,4,0,0.7998340066718048,ok
1,train,structured,5,0,0.635262938462248,ok
1,train,control,5,0,0.7800632815072588,ok
1,train,structured,6,0,0.6996200845287184,ok
1,train,control,6,0,0.7386852536128039,ok
1,train,structured,7,0,0.5977652780717181,ok
1,train,control,7,0,0.7476629592094489,ok
1,train,structured,8,0,0.6299406221588835,ok
1,train,control,8,0,0.7801267461167821,ok
1,train,structured,9,0,0.6041883283203414,ok
1,train,control,9,0,0.582425062276543,ok
1,train,structured,10,0,0.636467790680738,ok
1,train,control,10,0,0.5951130863068111,ok
1,train,structured,11,0,0.614162128924303,ok
1,train,control,11,0,0.7855595153700721,ok
1,train,structured,0,1,0.6045376648314998,ok
1,train,control,0,1,0.6208922213624573,ok
1,train,structured,1,1,0.6149916953888154,ok
1,train,control,1,1,0.6072027812922416,ok
1,train,structured,2,1,0.6313287681543719,ok
1,train,control,2,1,0.6201703479792946,ok
1,train,structured,3,1,0.6290337133440833,ok
1,train,control,3,1,0.7923036285541045,ok
1,train,structured,4,1,0.5789923563139907,ok
1,train,control,4,1,0.7893837868619169,ok
1,train,structured,5,1,0.6182922692672314,ok
1,train,control,5,1,0.5905692314929253,ok
1,train,structured,6,1,0.6498354309476384,ok
1,train,control,6,1,0.7914390064771167,ok
1,train,structured,7,1,0.6368646576504642,ok
1,train,control,7,1,0.6105836194063907,ok
1,train,structured,8,1,0.6030975729466218,ok
1,train,control,8,1,0.7801267461167821,ok
1,train,structured,9,1,0.6187165791260784,ok
1,train,control,9,1,0.6187612113041261,ok
1,train,structured,10,1,0.6104224295189874,ok
1,train,control,10,1,0.615450274506638,ok
1,train,structured,11,1,0.575330560340992,ok
1,train,control,11,1,0.7855595153700721,ok
1,train,structured,0,2,0.6030701107609988,ok
1,train,control,0,2,0.7303299548846639,ok
1,train,structured,1,2,0.6287670276628845,ok
1,train,control,1,2,0.5853016454791674,ok
1,train,structured,2,2,0.6058404833054679,ok
1,train,control,2,2,0.6264804595065022,ok
1,train,structured,3,2,0.6174505204565643,ok
1,train,control,3,2,0.6393342781128604,ok
1,train,structured,4,2,0.7645409660460782,ok
1,train,control,4,2,0.7893837868619169,ok
1,train,structured,5,2,0.6427766343026748,ok
1,train,control,5,2,0.7306976609127418,ok
1,train,structured,6,2,0.7596416035416758,ok
1,train,control,6,2,0.7914390064771167,ok
1,train,structured,7,2,0.5995036791811094,ok
1,train,control,7,2,0.6926416041802881,ok
1,train,structured,8,2,0.6224911233597474,ok
1,train,control,8,2,0.7801267461167821,ok
1,train,structured,9,2,0.6135114727802237,ok
1,train,control,9,2,0.6462456239386261,ok
1,train,structured,10,2,0.6698073297368189,ok
1,train,control,10,2,0.6216780213760466,ok
1,train,structured,11,2,0.6037823740889139,ok
1,train,control,11,2,0.7855595153700721,ok
2,test,structured,0,0,0.6243599732556507,ok
2,test,control,0,0,0.6194065232238186,ok
2,test,structured,1,0,0.5980755006870138,ok
2,test,control,1,0,0.6243536258894542,ok
2,test,structured,2,0,0.6255907145003806,ok
2,test,control,2,0,0.6220972821820236,ok
2,test,structured,3,0,0.6285949236989508,ok
2,test,control,3,0,0.6543791403863033,ok
2,test,structured,4,0,0.5817096144390653,ok
2,test,control,4,0,0.6304892546258021,ok
2,test,structured,5,0,0.6523739557025094,ok
2,test,control,5,0,0.5979093142573337,ok
2,test,structured,6,0,0.6220546129920526,ok
2,test,control,6,0,0.6295017322359462,ok
2,test,structured,7,0,0.6180116151143603,ok
2,test,control,7,0,0.609436173835486,ok
2,test,structured,8,0,0.6117617907397928,ok
2,test,control,8,0,0.5981937432264568,ok
2,test,structured,9,0,0.6135265434623686,ok
2,test,control,9,0,0.6067268977352333,ok
2,test,structured,10,0,0.6026610379953544,ok
2,test,control,10,0,0.6147035414254919,ok
2,test,structured,11,0,0.6092826309681738,ok
2,test,control,11,0,0.6356225420568905,ok
2,test,structured,0,1,0.615780019612656,ok
2,test,control,0,1,0.6089569286413867,ok
2,test,structured,1,1,0.6053862736099564,ok
2,test,control,1,1,0.590886775418328,ok
2,test,structured,2,1,0.6098602857304862,ok
2,test,control,2,1,0.6772678857846846,ok
2,test,structured,3,1,0.6228562029772183,ok
2,test,control,3,1,0.6101312379605703,ok
2,test,structured,4,1,0.5990770293227372,ok
2,test,control,4,1,0.630007917881037,ok
2,test,structured,5,1,0.6301851775213182,ok
2,test,control,5,1,0.5836907554932693,ok
2,test,structured,6,1,0.6193123755744014,ok
2,test,control,6,1,0.6104462032354905,ok
2,test,structured,7,1,0.6093251436561118,ok
2,test,control,7,1,0.6231030388445284,ok
2,test,structured,8,1,0.6301474394519068,ok
2,test,control,8,1,0.6028314015575197,ok
2,test,structured,9,1,0.6360941761102495,ok
2,test,control,9,1,0.630076079403294,ok
2,test,structured,10,1,0.621139128231527,ok
2,test,control,10,1,0.6309707517411312,ok
2,test,structured,11,1,0.6432101098512518,ok
2,test,control,11,1,0.6096478060691294,ok
2,test,structured,0,2,0.6287091606938955,ok
2,test,control,0,2,0.6260279763922711,ok
2,test,structured,1,2,0.6257664440777688,ok
2,test,control,1,2,0.5941389656706568,ok
2,test,structured,2,2,0.6216109031042608,ok
2,test,control,2,2,0.6262142050383845,ok
2,test,structured,3,2,0.5732407116422951,ok
2,test,control,3,2,0.6440239724165718,ok
2,test,structured,4,2,0.6151733414553755,ok
2,test,control,4,2,0.6265625056308465,ok
2,test,structured,5,2,0.633388399365555,ok
2,test,control,5,2,0.5905655034677991,ok
2,test,structured,6,2,0.6321696291280986,ok
2,test,control,6,2,0.6050918758227265,ok
2,test,structured,7,2,0.601484709200425,ok
2,test,control,7,2,0.5891127541777409,ok
2,test,structured,8,2,0.5811332954649483,ok
2,test,control,8,2,0.6187501984858933,ok
2,test,structured,9,2,0.6059873632555303,ok
2,test,control,9,2,0.6335008032740249,ok
2,test,structured,10,2,0.6209279103279143,ok
2,test,control,10,2,0.6141582420345446,ok
2,test,structured,11,2,0.6080179627356496,ok
2,test,control,11,2,0.6244258488572274,ok
2,train,structured,0,0,0.6004041819381334,ok
2,train,control,0,0,0.6288211303760154,ok
2,train,structured,1,0,0.5910976513998195,ok
2,train,control,1,0,0.5907021771872332,ok
2,train,structured,2,0,0.59678037135522,ok
2,train,control,2,0,0.6077338699967119,ok
2,train,structured,3,0,0.6188368955724798,ok
2,train,control,3,0,0.5959561994895485,ok
2,train,structured,4,0,0.7088321498992365,ok
2,train,control,4,0,0.6101540301843161,ok
2,train,structured,5,0,0.6008849501752801,ok
2,train,control,5,0,0.6047336405161636,ok
2,train,structured,6,0,0.5775466129840217,ok
2,train,control,6,0,0.5957285247825338,ok
2,train,structured,7,0,0.6001999631126871,ok
2,train,control,7,0,0.6166768452640885,ok
2,train,structured,8,0,0.5843915582881906,ok
2,train,control,8,0,0.6086409169714376,ok
2,train,structured,9,0,0.6052224231496798,ok
2,train,control,9,0,0.6034124322148078,ok
2,train,structured,10,0,0.6039565763780497,ok
2,train,control,10,0,0.6112587365596747,ok
2,train,structured,11,0,0.611466365232482,ok
2,train,control,11,0,0.6253662159438579,ok
2,train,structured,0,1,0.6382926000340302,ok
2,train,control,0,1,0.6024826907350299,ok
2,train,structured,1,1,0.6096915392382504,ok
2,train,control,1,1,0.5912945358486971,ok
2,train,structured,2,1,0.6285885585954165,ok
2,train,control,2,1,0.6055904379271275,ok
2,train,structured,3,1,0.6684447573595769,ok
2,train,control,3,1,0.5940478233338823,ok
2,train,structured,4,1,0.5825665103846075,ok
2,train,control,4,1,0.5737689214579662,ok
2,train,structured,5,1,0.6333125553584456,ok
2,train,control,5,1,0.6285572804385582,ok
2,train,structured,6,1,0.7651647682621441,ok
2,train,control,6,1,0.624844465806466,ok
2,train,structured,7,1,0.6347429932489759,ok
2,train,control,7,1,0.6061138285203624,ok
2,train,structured,8,1,0.6107157711999116,ok
2,train,control,8,1,0.5639853214889181,ok
2,train,structured,9,1,0.6104955089699009,ok
2,train,control,9,1,0.6171472330939131,ok
2,train,structured,10,1,0.5812976527182709,ok
2,train,control,10,1,0.594231288649042,ok
2,train,structured,11,1,0.6025874985139746,ok
2,train,control,11,1,0.6348249806375585,ok
2,train,structured,0,2,0.608934419869678,ok
2,train,control,0,2,0.6067134234706238,ok
2,train,structured,1,2,0.6461825790934472,ok
2,train,control,1,2,0.6393604214468662,ok
2,train,structured,2,2,0.6148463819301407,ok
2,train,control,2,2,0.6280513918993943,ok
2,train,structured,3,2,0.6228143677750487,ok
2,train,control,3,2,0.6216952145943434,ok
2,train,structured,4,2,0.7457215961577834,ok
2,train,control,4,2,0.6086742293064691,ok
2,train,structured,5,2,0.6207028900353013,ok
2,train,control,5,2,0.5935760107263979,ok
2,train,structured,6,2,0.7534653819273109,ok
2,train,control,6,2,0.6189595059940446,ok
2,train,structured,7,2,0.6160820842542181,ok
2,train,control,7,2,0.598574574256007,ok
2,train,structured,8,2,0.600800562090708,ok
2,train,control,8,2,0.6063355675633657,ok
2,train,structured,9,2,0.591869561047308,ok
2,train,control,9,2,0.6253567698664004,ok
2,train,structured,10,2,0.6369655457320678,ok
2,train,control,10,2,0.6109460907703851,ok
2,train,structured,11,2,0.612114510331121,ok
2,train,control,11,2,0.6062773972871515,ok
3,test,structured,0,0,0.5987612344195007,ok
3,test,control,0,0,0.6092529479559193,ok
3,test,structured,1,0,0.6178790790023141,ok
3,test,control,1,0,0.5869583912914964,ok
3,test,structured,2,0,0.5916412554954416,ok
3,test,control,2,0,0.6251141363867415,ok
3,test,structured,3,0,0.5901979163449541,ok
3,test,control,3,0,0.6238950976857603,ok
3,test,structured,4,0,0.6088559809953508,ok
3,test,control,4,0,0.6228312272100041,ok
3,test,structured,5,0,0.6075894128203349,ok
3,test,control,5,0,0.6326366097410694,ok
3,test,structured,6,0,0.6048939257736653,ok
3,test,control,6,0,0.5902082032629151,ok
3,test,structured,7,0,0.6099298304109991,ok
3,test,control,7,0,0.6233251159524489,ok
3,test,structured,8,0,0.6091890431113052,ok
3,test,control,8,0,0.6164744695286565,ok
3,test,structured,9,0,0.6065055899864347,ok
3,test,control,9,0,0.6227770163716805,ok
3,test,structured,10,0,0.6012900631041685,ok
3,test,control,10,0,0.595459008409192,ok
3,test,structured,11,0,0.5860117887353159,ok
3,test,control,11,0,0.6120115423606541,ok
3,test,structured,0,1,0.5965365688669904,ok
3,test,control,0,1,0.5846245710951375,ok
3,test,structured,1,1,0.5912918415443384,ok
3,test,control,1,1,0.6028582621479711,ok
3,test,structured,2,1,0.6129820583448905,ok
3,test,control,2,1,0.5948218370473978,ok
3,test,structured,3,1,0.5967218741573591,ok
3,test,control,3,1,0.6187376170857484,ok
3,test,structured,4,1,0.5857936720407483,ok
3,test,control,4,1,0.6037502325034191,ok
3,test,structured,5,1,0.5916425235398268,ok
3,test,control,5,1,0.6008002389027425,ok
3,test,structured,6,1,0.5794487241106593,ok
3,test,control,6,1,0.5758020932697586,ok
3,test,structured,7,1,0.6096827738413868,ok
3,test,control,7,1,0.6506616319697412,ok
3,test,structured,8,1,0.6124862679394917,ok
3,test,control,8,1,0.5949608053007017,ok
3,test,structured,9,1,0.5881591388112507,ok
3,test,control,9,1,0.5992986322567115,ok
3,test,structured,10,1,0.5809608459086063,ok
3,test,control,10,1,0.5886148220880478,ok
3,test,structured,11,1,0.6358345655954855,ok
3,test,control,11,1,0.5815220400717734,ok
3,test,structured,0,2,0.6090027794759296,ok
3,test,control,0,2,0.5836574240526718,ok
3,test,structured,1,2,0.5814908089920405,ok
3,test,control,1,2,0.6217315471239213,ok
3,test,structured,2,2,0.6115525641226963,ok
3,test,control,2,2,0.6216321437402236,ok
3,test,structured,3,2,0.6138240040761074,ok
3,test,control,3,2,0.6174112782365709,ok
3,test,structured,4,2,0.6109881011897699,ok
3,test,control,4,2,0.6116845947526167,ok
3,test,structured,5,2,0.5941453841138236,ok
3,test,control,5,2,0.5905065615724899,ok
3,test,structured,6,2,0.6252135757862606,ok
3,test,control,6,2,0.5918907718483669,ok
3,test,structured,7,2,0.613801838253649,ok
3,test,control,7,2,0.5726726700382709,ok
3,test,structured,8,2,0.5775040635236295,ok
3,test,control,8,2,0.5865974588690056,ok
3,test,structured,9,2,0.578577481675255,ok
3,test,control,9,2,0.6130054542374368,ok
3,test,structured,10,2,0.6057247395728454,ok
3,test,control,10,2,0.6034993379214879,ok
3,test,structured,11,2,0.6111110286996936,ok
3,test,control,11,2,0.6120805901913805,ok
3,train,structured,0,0,0.6140659201223596,ok
3,train,control,0,0,0.6702386646218061,ok
3,train,structured,1,0,0.6285734726555439,ok
3,train,control,1,0,0.6115521730319585,ok
3,train,structured,2,0,0.6038899898324558,ok
3,train,control,2,0,0.5995504858781335,ok
3,train,structured,3,0,0.6164895242901972,ok
3,train,control,3,0,0.6169385955731312,ok
3,train,structured,4,0,0.6020547875112588,ok
3,train,control,4,0,0.5721793694026004,ok
3,train,structured,5,0,0.5860627678204046,ok
3,train,control,5,0,0.5882284980293587,ok
3,train,structured,6,0,0.5818588947380362,ok
3,train,control,6,0,0.5735999760912813,ok
3,train,structured,7,0,0.6087379493104496,ok
3,train,control,7,0,0.5665486876864694,ok
3,train,structured,8,0,0.612604999897819,ok
3,train,control,8,0,0.5937969281231977,ok
3,train,structured,9,0,0.6191793169220551,ok
3,train,control,9,0,0.5860230006142241,ok
3,train,structured,10,0,0.5826509165353786,ok
3,train,control,10,0,0.6146073717665764,ok
3,train,structured,11,0,0.6227659326886706,ok
3,train,control,11,0,0.6136355775345853,ok
3,train,structured,0,1,0.6068282916153964,ok
3,train,control,0,1,0.6174278001755676,ok
3,train,structured,1,1,0.5911080508653106,ok
3,train,control,1,1,0.5863747679006263,ok
3,train,structured,2,1,0.5822794834505651,ok
3,train,control,2,1,0.6115474463367354,ok
3,train,structured,3,1,0.5960880958290328,ok
3,train,control,3,1,0.5815630056748032,ok
3,train,structured,4,1,0.5956509930765996,ok
3,train,control,4,1,0.5949832834613137,ok
3,train,structured,5,1,0.6037348034856326,ok
3,train,control,5,1,0.6328692603454062,ok
3,train,structured,6,1,0.5596020822296458,ok
3,train,control,6,1,0.6249357782360726,ok
3,train,structured,7,1,0.5918735039973936,ok
3,train,control,7,1,0.6159416227131249,ok
3,train,structured,8,1,0.594355306436073,ok
3,train,control,8,1,0.5952654950952708,ok
3,train,structured,9,1,0.5919686200950771,ok
3,train,control,9,1,0.5927124524360369,ok
3,train,structured,10,1,0.5837171939819253,ok
3,train,control,10,1,0.598588625748075,ok
3,train,structured,11,1,0.6091380192225184,ok
3,train,control,11,1,0.6299065382245186,ok
3,train,structured,0,2,0.5827587544136166,ok
3,train,control,0,2,0.6114399575988673,ok
3,train,structured,1,2,0.5935008145291356,ok
3,train,control,1,2,0.6055085015994073,ok
3,train,structured,2,2,0.5841037594997857,ok
3,train,control,2,2,0.5943595060775781,ok
3,train,structured,3,2,0.5912442333956661,ok
3,train,control,3,2,0.5990848246204294,ok
3,train,structured,4,2,0.612650763819199,ok
3,train,control,4,2,0.616921329457407,ok
3,train,structured,5,2,0.6048162130661227,ok
3,train,control,5,2,0.6123617186671414,ok
3,train,structured,6,2,0.6142595571572667,ok
3,train,control,6,2,0.5957251237733862,ok
3,train,structured,7,2,0.6007961193624866,ok
3,train,control,7,2,0.6119064959542863,ok
3,train,structured,8,2,0.5979100855931812,ok
3,train,control,8,2,0.5967485478502145,ok
3,train,structured,9,2,0.6086120648775533,ok
3,train,control,9,2,0.6131059218817086,ok
3,train,structured,10,2,0.5738496228910533,ok
3,train,control,10,2,0.6239449609091386,ok
3,train,structured,11,2,0.5911106231058734,ok
3,train,control,11,2,0.5891843932142947,ok
4,test,structured,0,0,0.626506095015127,ok
4,test,control,0,0,0.6468548884075723,ok
4,test,structured,1,0,0.624471762845047,ok
4,test,control,1,0,0.6144536503344046,ok
4,test,structured,2,0,0.5766998480540265,ok
4,test,control,2,0,0.58047018403433,ok
4,test,structured,3,0,0.6304210230292951,ok
4,test,control,3,0,0.6111254893873871,ok
4,test,structured,4,0,0.5799498243850874,ok
4,test,control,4,0,0.6236541005812235,ok
4,test,structured,5,0,0.6180724693333272,ok
4,test,control,5,0,0.6149567343697684,ok
4,test,structured,6,0,0.6124284049935556,ok
4,test,control,6,0,0.6288974279378612,ok
4,test,structured,7,0,0.6098362800810431,ok
4,test,control,7,0,0.5979262958129382,ok
4,test,structured,8,0,0.6028918818864172,ok
4,test,control,8,0,0.6232136511745142,ok
4,test,structured,9,0,0.5874747809364453,ok
4,test,control,9,0,0.5851393608274932,ok
4,test,structured,10,0,0.6193887793150464,ok
4,test,control,10,0,0.6232155168554541,ok
4,test,structured,11,0,0.6256245971435791,ok
4,test,control,11,0,0.5884351800217114,ok
4,test,structured,0,1,0.6046431305026423,ok
4,test,control,0,1,0.6112515942129171,ok
4,test,structured,1,1,0.6208573597296787,ok
4,test,control,1,1,0.6261256013411354,ok
4,test,structured,2,1,0.6220479613830374,ok
4,test,control,2,1,0.6273166877946054,ok
4,test,structured,3,1,0.6296410341897944,ok
4,test,control,3,1,0.6193670966494333,ok
4,test,structured,4,1,0.6162807141843964,ok
4,test,control,4,1,0.6248747938231693,ok
4,test,structured,5,1,0.6292582354761848,ok
4,test,control,5,1,0.6183594429804694,ok
4,test,structured,6,1,0.6038567961774882,ok
4,test,control,6,1,0.6191437494976929,ok
4,test,structured,7,1,0.5894759653778876,ok
4,test,control,7,1,0.6083235645363104,ok
4,test,structured,8,1,0.5954460276408399,ok
4,test,control,8,1,0.6260281530749343,ok
4,test,structured,9,1,0.6392647902263374,ok
4,test,control,9,1,0.5600992025026599,ok
4,test,structured,10,1,0.6199789625489304,ok
4,test,control,10,1,0.6136543601001939,ok
4,test,structured,11,1,0.5891988106950432,ok
4,test,control,11,1,0.6267407835055081,ok
4,test,structured,0,2,0.6308329103971886,ok
4,test,control,0,2,0.6210965104456246,ok
4,test,structured,1,2,0.6402678045335617,ok
4,test,control,1,2,0.6049096160888647,ok
4,test,structured,2,2,0.6043188422862976,ok
4,test,control,2,2,0.625753931793232,ok
4,test,structured,3,2,0.6357343744736175,ok
4,test,control,3,2,0.6303104069995653,ok
4,test,structured,4,2,0.6347265627039297,ok
4,test,control,4,2,0.6315981030921656,ok
4,test,structured,5,2,0.6200616074593537,ok
4,test,control,5,2,0.6335786956069778,ok
4,test,structured,6,2,0.6098548053341385,ok
4,test,control,6,2,0.625481815475803,ok
4,test,structured,7,2,0.6269100286509122,ok
4,test,control,7,2,0.6115532081352729,ok
4,test,structured,8,2,0.6098129454581496,ok
4,test,control,8,2,0.6085340378438673,ok
4,test,structured,9,2,0.6155932702315752,ok
4,test,control,9,2,0.5869376498895027,ok
4,test,structured,10,2,0.6340778611509453,ok
4,test,control,10,2,0.6144330458518347,ok
4,test,structured,11,2,0.6283199960271653,ok
4,test,control,11,2,0.6258853192625446,ok
4,train,structured,0,0,0.6302984253682191,ok
4,train,control,0,0,0.6055798483608031,ok
4,train,structured,1,0,0.6218202084549532,ok
4,train,control,1,0,0.5826294263594146,ok
4,train,structured,2,0,0.6107040309881945,ok
4,train,control,2,0,0.6147500221966938,ok
4,train,structured,3,0,0.6132817861613267,ok
4,train,control,3,0,0.5492359770079402,ok
4,train,structured,4,0,0.6090522127946904,ok
4,train,control,4,0,0.6191338659395212,ok
4,train,structured,5,0,0.6449155684060166,ok
4,train,control,5,0,0.6118509335452778,ok
4,train,structured,6,0,0.5935005287017947,ok
4,train,control,6,0,0.6361976161666677,ok
4,train,structured,7,0,0.6525955369107724,ok
4,train,control,7,0,0.6370159634508478,ok
4,train,structured,8,0,0.6147917567520925,ok
4,train,control,8,0,0.6085777754874699,ok
4,train,structured,9,0,0.5994194343672576,ok
4,train,control,9,0,0.628551251057214,ok
4,train,structured,10,0,0.6168885796094987,ok
4,train,control,10,0,0.606284730258342,ok
4,train,structured,11,0,0.6014914091925325,ok
4,train,control,11,0,0.6301062957183368,ok
4,train,structured,0,1,0.6205351289870826,ok
4,train,control,0,1,0.6032192241719633,ok
4,train,structured,1,1,0.6282158196804227,ok
4,train,control,1,1,0.6012564437529642,ok
4,train,structured,2,1,0.584775488284755,ok
4,train,control,2,1,0.6067627490297584,ok
4,train,structured,3,1,0.6116541544654042,ok
4,train,control,3,1,0.6206315852945914,ok
4,train,structured,4,1,0.6138979138974232,ok
4,train,control,4,1,0.6214585442557322,ok
4,train,structured,5,1,0.6007715644436229,ok
4,train,control,5,1,0.6148770294002303,ok
4,train,structured,6,1,0.6211299728284626,ok
4,train,control,6,1,0.6409958598109629,ok
4,train,structured,7,1,0.619094187666821,ok
4,train,control,7,1,0.6266895653374291,ok
4,train,structured,8,1,0.6094687553524539,ok
4,train,control,8,1,0.6081230708951085,ok
4,train,structured,9,1,0.6115850959588706,ok
4,train,control,9,1,0.612345526279363,ok
4,train,structured,10,1,0.6093420676343825,ok
4,train,control,10,1,0.5890504012784825,ok
4,train,structured,11,1,0.5941213155358107,ok
4,train,control,11,1,0.6093610511593825,ok
4,train,structured,0,2,0.6050566477583852,ok
4,train,control,0,2,0.6202384197210715,ok
4,train,structured,1,2,0.6184756186393302,ok
4,train,control,1,2,0.6256558060680104,ok
4,train,structured,2,2,0.5906278826573561,ok
4,train,control,2,2,0.6183569861288956,ok
4,train,structured,3,2,0.6329192801486808,ok
4,train,control,3,2,0.5817217046799802,ok
4,train,structured,4,2,0.6056293857415768,ok
4,train,control,4,2,0.5954199090159873,ok
4,train,structured,5,2,0.6280349664687516,ok
4,train,control,5,2,0.6184300607224178,ok
4,train,structured,6,2,0.615391732238711,ok
4,train,control,6,2,0.6217532918740345,ok
4,train,structured,7,2,0.600965187303233,ok
4,train,control,7,2,0.6110230677669424,ok
4,train,structured,8,2,0.6088589087064611,ok
4,train,control,8,2,0.625756614074274,ok
4,train,structured,9,2,0.6268874042270083,ok
4,train,control,9,2,0.6035925240942992,ok
4,train,structured,10,2,0.6050284269592215,ok
4,train,control,10,2,0.6133136308452984,ok
4,train,structured,11,2,0.6256230266523852,ok
4,train,control,11,2,0.5962318666319916,ok
5,test,structured,0,0,0.6156862015767149,ok
5,test,control,0,0,0.6130221905106539,ok
5,test,structured,1,0,0.5834743175493323,ok
5,test,control,1,0,0.6046719778365436,ok
5,test,structured,2,0,0.5968246911037601,ok
5,test,control,2,0,0.6093003109508195,ok
5,test,structured,3,0,0.5862541203981549,ok
5,test,control,3,0,0.602082605469679,ok
5,test,structured,4,0,0.5972123656210732,ok
5,test,control,4,0,0.6364989788281052,ok
5,test,structured,5,0,0.6280551642879482,ok
5,test,control,5,0,0.6329937055137893,ok
5,test,structured,6,0,0.6034518236060121,ok
5,test,control,6,0,0.6133212792390883,ok
5,test,structured,7,0,0.5813922305764976,ok
5,test,control,7,0,0.6291889704909205,ok
5,test,structured,8,0,0.6157041240312688,ok
5,test,control,8,0,0.589045829788631,ok
5,test,structured,9,0,0.6219215235283405,ok
5,test,control,9,0,0.6190262467998977,ok
5,test,structured,10,0,0.6228609713495984,ok
5,test,control,10,0,0.6340827908643878,ok
5,test,structured,11,0,0.6011038156928388,ok
5,test,control,11,0,0.6108819606880294,ok
5,test,structured,0,1,0.614947052363836,ok
5,test,control,0,1,0.6017825163885074,ok
5,test,structured,1,1,0.5545538068538439,ok
5,test,control,1,1,0.6069898804991102,ok
5,test,structured,2,1,0.5996511154731774,ok
5,test,control,2,1,0.6184439558885807,ok
5,test,structured,3,1,0.5961159188825701,ok
5,test,control,3,1,0.5962343919039045,ok
5,test,structured,4,1,0.6097873374420104,ok
5,test,control,4,1,0.606749361705118,ok
5,test,structured,5,1,0.6031985964521941,ok
5,test,control,5,1,0.6264947073938664,ok
5,test,structured,6,1,0.6070569865480748,ok
5,test,control,6,1,0.612161583064973,ok
5,test,structured,7,1,0.6065692339164841,ok
5,test,control,7,1,0.5725140398828042,ok
5,test,structured,8,1,0.6197799255843431,ok
5,test,control,8,1,0.6315849636165054,ok
5,test,structured,9,1,0.5858550278551644,ok
5,test,control,9,1,0.6276447996301946,ok
5,test,structured,10,1,0.6464035467631337,ok
5,test,control,10,1,0.6343073280695759,ok
5,test,structured,11,1,0.6084426307479186,ok
5,test,control,11,1,0.6303368171558054,ok
5,test,structured,0,2,0.6011022280059088,ok
5,test,control,0,2,0.5914700250999146,ok
5,test,structured,1,2,0.6009714504302822,ok
5,test,control,1,2,0.5810334750513476,ok
5,test,structured,2,2,0.6214351253424115,ok
5,test,control,2,2,0.5953689541510192,ok
5,test,structured,3,2,0.6141588466249059,ok
5,test,control,3,2,0.6075784513767997,ok
5,test,structured,4,2,0.618468747566435,ok
5,test,control,4,2,0.5795269167064978,ok
5,test,structured,5,2,0.6304768997839794,ok
5,test,control,5,2,0.6052162733993443,ok
5,test,structured,6,2,0.5986557222204528,ok
5,test,control,6,2,0.6210429147428974,ok
5,test,structured,7,2,0.5945419218666201,ok
5,test,control,7,2,0.6286061335729374,ok
5,test,structured,8,2,0.6185356854335105,ok
5,test,control,8,2,0.6110030059464476,ok
5,test,structured,9,2,0.620228356317651,ok
5,test,control,9,2,0.6289586927263212,ok
5,test,structured,10,2,0.6236767403583856,ok
5,test,control,10,2,0.6290431469078344,ok
5,test,structured,11,2,0.6731690324857502,ok
5,test,control,11,2,0.6185003576430442,ok
5,train,structured,0,0,0.6154709074347771,ok
5,train,control,0,0,0.5767893115014042,ok
5,train,structured,1,0,0.5970127494467065,ok
5,train,control,1,0,0.625592382260784,ok
5,train,structured,2,0,0.6067496865007221,ok
5,train,control,2,0,0.5814854797558243,ok
5,train,structured,3,0,0.6003083912798582,ok
5,train,control,3,0,0.6152227913684257,ok
5,train,structured,4,0,0.5795317172587777,ok
5,train,control,4,0,0.6300198411672164,ok
5,train,structured,5,0,0.6373437709667686,ok
5,train,control,5,0,0.5958304921433295,ok
5,train,structured,6,0,0.6082503778651334,ok
5,train,control,6,0,0.6216972039962251,ok
5,train,structured,7,0,0.5915508491860443,ok
5,train,control,7,0,0.6087048575442909,ok
5,train,structured,8,0,0.6343700609759508,ok
5,train,control,8,0,0.589828553467965,ok
5,train,structured,9,0,0.5952486224875259,ok
5,train,control,9,0,0.6530986287241951,ok
5,train,structured,10,0,0.6093151262109064,ok
5,train,control,10,0,0.6276624676665807,ok
5,train,structured,11,0,0.5995693610822289,ok
5,train,control,11,0,0.6068877662847231,ok
5,train,structured,0,1,0.7390533754151797,ok
5,train,control,0,1,0.6149764214147303,ok
5,train,structured,1,1,0.6168119133237016,ok
5,train,control,1,1,0.6149222446292218,ok
5,train,structured,2,1,0.6221246273415403,ok
5,train,control,2,1,0.5925639172815194,ok
5,train,structured,3,1,0.6307396262175204,ok
5,train,control,3,1,0.6423479752943312,ok
5,train,structured,4,1,0.5488655029741359,ok
5,train,control,4,1,0.5709048726149882,ok
5,train,structured,5,1,0.5916176525918513,ok
5,train,control,5,1,0.6255480214073788,ok
5,train,structured,6,1,0.6237701504794777,ok
5,train,control,6,1,0.6178046426301005,ok
5,train,structured,7,1,0.5289031929040906,ok
5,train,control,7,1,0.6310059171266296,ok
5,train,structured,8,1,0.6027505196728019,ok
5,train,control,8,1,0.6048292466988681,ok
5,train,structured,9,1,0.6038334508381046,ok
5,train,control,9,1,0.6345766841212741,ok
5,train,structured,10,1,0.5837798079714275,ok
5,train,control,10,1,0.5939378336518365,ok
5,train,structured,11,1,0.6050700719866295,ok
5,train,control,11,1,0.4488857716886494,ok
5,train,structured,0,2,0.5921959713889599,ok
5,train,control,0,2,0.6077550884349309,ok
5,train,structured,1,2,0.5984307478386938,ok
5,train,control,1,2,0.608557933449103,ok
5,train,structured,2,2,0.6145440847877979,ok
5,train,control,2,2,0.5974007339259165,ok
5,train,structured,3,2,0.6299035807329036,ok
5,train,control,3,2,0.5960467501609693,ok
5,train,structured,4,2,0.6145522197566163,ok
5,train,control,4,2,0.6115082541417574,ok
5,train,structured,5,2,0.6069637636052967,ok
5,train,control,5,2,0.6294983184612415,ok
5,train,structured,6,2,0.6307804929243647,ok
5,train,control,6,2,0.5897825070160413,ok
5,train,structured,7,2,0.6012757971078293,ok
5,train,control,7,2,0.6265605628148976,ok
5,train,structured,8,2,0.620193408998418,ok
5,train,control,8,2,0.5929004720572926,ok
5,train,structured,9,2,0.600396456679505,ok
5,train,control,9,2,0.6122169351754879,ok
5,train,structured,10,2,0.6037227609423561,ok
5,train,control,10,2,0.6057402411493824,ok
5,train,structured,11,2,0.5756377686999498,ok
5,train,control,11,2,0.6292485674691358,ok
6,test,structured,0,0,0.57850160491487,ok
6,test,control,0,0,0.6094518228077999,ok
6,test,structured,1,0,0.604363466283301,ok
6,test,control,1,0,0.5956321836530835,ok
6,test,structured,2,0,0.5889220783113036,ok
6,test,control,2,0,0.604764955409224,ok
6,test,structured,3,0,0.6012193508246129,ok
6,test,control,3,0,0.5950357588034041,ok
6,test,structured,4,0,0.594838286245565,ok
6,test,control,4,0,0.5931926830112144,ok
6,test,structured,5,0,0.5990674675199246,ok
6,test,control,5,0,0.5852700725937449,ok
6,test,structured,6,0,0.6033007658384344,ok
6,test,control,6,0,0.6145931948706455,ok
6,test,structured,7,0,0.5723113764278434,ok
6,test,control,7,0,0.6094286232322428,ok
6,test,structured,8,0,0.5929409019516962,ok
6,test,control,8,0,0.5995208196056657,ok
6,test,structured,9,0,0.5950777611963074,ok
6,test,control,9,0,0.6167805170545211,ok
6,test,structured,10,0,0.5981459204388249,ok
6,test,control,10,0,0.5935427670109985,ok
6,test,structured,11,0,0.6164253595740463,ok
6,test,control,11,0,0.6056915364765788,ok
6,test,structured,0,1,0.6097723260695751,ok
6,test,control,0,1,0.602474392008403,ok
6,test,structured,1,1,0.5944926829832385,ok
6,test,control,1,1,0.6125720699201895,ok
6,test,structured,2,1,0.6062089772657092,ok
6,test,control,2,1,0.5989961629961552,ok
6,test,structured,3,1,0.5895251806451244,ok
6,test,control,3,1,0.6023682029146553,ok
6,test,structured,4,1,0.6163657681494915,ok
6,test,control,4,1,0.6181840785311281,ok
6,test,structured,5,1,0.5998618175286472,ok
6,test,control,5,1,0.6200522258857457,ok
6,test,structured,6,1,0.5866495542830823,ok
6,test,control,6,1,0.5996525584250183,ok
6,test,structured,7,1,0.5958691257959424,ok
6,test,control,7,1,0.609823644985883,ok
6,test,structured,8,1,0.6039161661077308,ok
6,test,control,8,1,0.6041175914183313,ok
6,test,structured,9,1,0.6029965202107187,ok
6,test,control,9,1,0.5845927858868888,ok
6,test,structured,10,1,0.5738867832124873,ok
6,test,control,10,1,0.6050696910712546,ok
6,test,structured,11,1,0.6343838936089541,ok
6,test,control,11,1,0.5933321207304534,ok
6,test,structured,0,2,0.5767989444863679,ok
6,test,control,0,2,0.6218834050049913,ok
6,test,structured,1,2,0.5783667952331154,ok
6,test,control,1,2,0.607629198662799,ok
6,test,structured,2,2,0.6177772059154111,ok
6,test,control,2,2,0.6070035482535857,ok
6,test,structured,3,2,0.5837610638916465,ok
6,test,control,3,2,0.5984873255600306,ok
6,test,structured,4,2,0.6261900060916572,ok
6,test,control,4,2,0.6259950386501678,ok
6,test,structured,5,2,0.5906925201351637,ok
6,test,control,5,2,0.6120670459903346,ok
6,test,structured,6,2,0.5999883281220592,ok
6,test,control,6,2,0.6310523980771222,ok
6,test,structured,7,2,0.6238109482359501,ok
6,test,control,7,2,0.5899049523764675,ok
6,test,structured,8,2,0.6036815999818383,ok
6,test,control,8,2,0.6041924840593405,ok
6,test,structured,9,2,0.6149878619815138,ok
6,test,control,9,2,0.5815093720231427,ok
6,test,structured,10,2,0.6016757444345044,ok
6,test,control,10,2,0.587106827473194,ok
6,test,structured,11,2,0.5927713027608166,ok
6,test,control,11,2,0.5886591464842471,ok
6,train,structured,0,0,0.6212783037741219,ok
6,train,control,0,0,0.6008301017776164,ok
6,train,structured,1,0,0.6140965721627207,ok
6,train,control,1,0,0.5961087864181127,ok
6,train,structured,2,0,0.5895085689795653,ok
6,train,control,2,0,0.6018552210067512,ok
6,train,structured,3,0,0.5707849227422092,ok
6,train,control,3,0,0.6095437700455062,ok
6,train,structured,4,0,0.6297281255259188,ok
6,train,control,4,0,0.5849863838881215,ok
6,train,structured,5,0,0.580762150558017,ok
6,train,control,5,0,0.5972030205922269,ok
6,train,structured,6,0,0.6232277920053452,ok
6,train,control,6,0,0.5861792068930517,ok
6,train,structured,7,0,0.6168396869306083,ok
6,train,control,7,0,0.6127098006460674,ok
6,train,structured,8,0,0.5997234485580534,ok
6,train,control,8,0,0.588755472959351,ok
6,train,structured,9,0,0.6019349096909455,ok
6,train,control,9,0,0.6193386442394946,ok
6,train,structured,10,0,0.6022282765358542,ok
6,train,control,10,0,0.6073979350778407,ok
6,train,structured,11,0,0.6192744307623091,ok
6,train,control,11,0,0.6117897147585281,ok
6,train,structured,0,1,0.5943674703091921,ok
6,train,control,0,1,0.6245482499387378,ok
6,train,structured,1,1,0.5956704285687242,ok
6,train,control,1,1,0.5855968502812837,ok
6,train,structured,2,1,0.6010035156106225,ok
6,train,control,2,1,0.6159358828696233,ok
6,train,structured,3,1,0.6144226054084538,ok
6,train,control,3,1,0.5954605527505301,ok
6,train,structured,4,1,0.6356563155834196,ok
6,train,control,4,1,0.6239310190667063,ok
6,train,structured,5,1,0.5836010963370556,ok
6,train,control,5,1,0.6154742616282843,ok
6,train,structured,6,1,0.6110359764936393,ok
6,train,control,6,1,0.5977111424415333,ok
6,train,structured,7,1,0.5720977456826515,ok
6,train,control,7,1,0.5790645760122027,ok
6,train,structured,8,1,0.61568375483371,ok
6,train,control,8,1,0.5731969739854699,ok
6,train,structured,9,1,0.6175763246132723,ok
6,train,control,9,1,0.6260023332968178,ok
6,train,structured,10,1,0.6014465877708918,ok
6,train,control,10,1,0.6193873294286981,ok
6,train,structured,11,1,0.5996769067818215,ok
6,train,control,11,1,0.6165036662886294,ok
6,train,structured,0,2,0.6187596653021061,ok
6,train,control,0,2,0.5785694743038534,ok
6,train,structured,1,2,0.6058263006449252,ok
6,train,control,1,2,0.5984302936682656,ok
6,train,structured,2,2,0.604027963653658,ok
6,train,control,2,2,0.6319298530762523,ok
6,train,structured,3,2,0.5907977667163516,ok
6,train,control,3,2,0.6178919598359394,ok
6,train,structured,4,2,0.6022449548825021,ok
6,train,control,4,2,0.6071858152849433,ok
6,train,structured,5,2,0.5860025954130251,ok
6,train,control,5,2,0.5787700442207504,ok
6,train,structured,6,2,0.5893915095385297,ok
6,train,control,6,2,0.6148920733921249,ok
6,train,structured,7,2,0.5942444619513166,ok
6,train,control,7,2,0.6218382249091755,ok
6,train,structured,8,2,0.5938728461379569,ok
6,train,control,8,2,0.5938574131877696,ok
6,train,structured,9,2,0.6057361161111189,ok
6,train,control,9,2,0.5856233445570241,ok
6,train,structured,10,2,0.6044961632873049,ok
6,train,control,10,2,0.5913131126173031,ok
6,train,structured,11,2,0.6118102665517711,ok
6,train,control,11,2,0.5819143266118604,ok
7,test,structured,0,0,0.5978558901689172,ok
7,test,control,0,0,0.6282804754256408,ok
7,test,structured,1,0,0.5374051578536403,ok
7,test,control,1,0,0.616155655368225,ok
7,test,structured,2,0,0.5606230351264759,ok
7,test,control,2,0,0.6056170104242612,ok
7,test,structured,3,0,0.6110704697969165,ok
7,test,control,3,0,0.6135871183667315,ok
7,test,structured,4,0,0.6202062977950917,ok
7,test,control,4,0,0.6171753229393254,ok
7,test,structured,5,0,0.6037285551028634,ok
7,test,control,5,0,0.6181380741149832,ok
7,test,structured,6,0,0.598799859119723,ok
7,test,control,6,0,0.6601788008628915,ok
7,test,structured,7,0,0.6188690681660897,ok
7,test,control,7,0,0.6257715233379136,ok
7,test,structured,8,0,0.5272554420751883,ok
7,test,control,8,0,0.6260603204657125,ok
7,test,structured,9,0,0.6062161236544222,ok
7,test,control,9,0,0.6225798137334692,ok
7,test,structured,10,0,0.5961225709740351,ok
7,test,control,10,0,0.6249786605998864,ok
7,test,structured,11,0,0.5966737783562278,ok
7,test,control,11,0,0.5864863759556309,ok
7,test,structured,0,1,0.593909084369194,ok
7,test,control,0,1,0.5963303794968751,ok
7,test,structured,1,1,0.6053961944733425,ok
7,test,control,1,1,0.5867642955768496,ok
7,test,structured,2,1,0.6205220351653314,ok
7,test,control,2,1,0.6043120773695477,ok
7,test,structured,3,1,0.6067849736602615,ok
7,test,control,3,1,0.615026202538514,ok
7,test,structured,4,1,0.6232959321211244,ok
7,test,control,4,1,0.6194949113925363,ok
7,test,structured,5,1,0.5952850147555455,ok
7,test,control,5,1,0.5841596897219565,ok
7,test,structured,6,1,0.5715400836031892,ok
7,test,control,6,1,0.6419631567233302,ok
7,test,structured,7,1,0.5583351261684852,ok
7,test,control,7,1,0.6010787719912973,ok
7,test,structured,8,1,0.5900474598546088,ok
7,test,control,8,1,0.5641179889909473,ok
7,test,structured,9,1,0.6155811503855201,ok
7,test,control,9,1,0.5689542400331439,ok
7,test,structured,10,1,0.5842866578289487,ok
7,test,control,10,1,0.5836888081595663,ok
7,test,structured,11,1,0.6029456589281712,ok
7,test,control,11,1,0.6244768254363129,ok
7,test,structured,0,2,0.5558968580925853,ok
7,test,control,0,2,0.6511833534673382,ok
7,test,structured,1,2,0.5812715054158111,ok
7,test,control,1,2,0.6016938632035181,ok
7,test,structured,2,2,0.5786129576169645,ok
7,test,control,2,2,0.6412493212257717,ok
7,test,structured,3,2,0.621051998007327,ok
7,test,control,3,2,0.6002368973323713,ok
7,test,structured,4,2,0.6241219265661597,ok
7,test,control,4,2,0.6065657583803984,ok
7,test,structured,5,2,0.5754503708953946,ok
7,test,control,5,2,0.6127645556874366,ok
7,test,structured,6,2,0.5874679285533447,ok
7,test,control,6,2,0.6729500352311222,ok
7,test,structured,7,2,0.6012703172267745,ok
7,test,control,7,2,0.6067505443717698,ok
7,test,structured,8,2,0.6312700724348492,ok
7,test,control,8,2,0.5900771032846426,ok
7,test,structured,9,2,0.5965227331274019,ok
7,test,control,9,2,0.633880657310099,ok
7,test,structured,10,2,0.6077278362226534,ok
7,test,control,10,2,0.5684008711794415,ok
7,test,structured,11,2,0.6055445042167542,ok
7,test,control,11,2,0.6030331162301581,ok
7,train,structured,0,0,0.6030494391958103,ok
7,train,control,0,0,0.6408792658798104,ok
7,train,structured,1,0,0.6596058575820575,ok
7,train,control,1,0,0.5916883675796899,ok
7,train,structured,2,0,0.6030513636994941,ok
7,train,control,2,0,0.599466923630576,ok
7,train,structured,3,0,0.5686418405160637,ok
7,train,control,3,0,0.6140733555555866,ok
7,train,structured,4,0,0.7743627227850871,ok
7,train,control,4,0,0.7743627227850871,ok
7,train,structured,5,0,0.6304405611311504,ok
7,train,control,5,0,0.6062284267529162,ok
7,train,structured,6,0,0.6013179306315866,ok
7,train,control,6,0,0.7583683597220225,ok
7,train,structured,7,0,0.6030542119177646,ok
7,train,control,7,0,0.5852678983586835,ok
7,train,structured,8,0,0.5768329961314974,ok
7,train,control,8,0,0.5492324604976351,ok
7,train,structured,9,0,0.6026162288057013,ok
7,train,control,9,0,0.606445136296178,ok
7,train,structured,10,0,0.5895126068571498,ok
7,train,control,10,0,0.6389143769260108,ok
7,train,structured,11,0,0.6651241038061899,ok
7,train,control,11,0,0.6214683987917621,ok
7,train,structured,0,1,0.6109424054240347,ok
7,train,control,0,1,0.6023595063705887,ok
7,train,structured,1,1,0.5764088539949334,ok
7,train,control,1,1,0.6158556169892555,ok
7,train,structured,2,1,0.6051344140635392,ok
7,train,control,2,1,0.6144818561983465,ok
7,train,structured,3,1,0.5963497467992869,ok
7,train,control,3,1,0.6114426917082681,ok
7,train,structured,4,1,0.7743627227850871,ok
7,train,control,4,1,0.7743627227850871,ok
7,train,structured,5,1,0.6206786790891146,ok
7,train,control,5,1,0.5730299126336413,ok
7,train,structured,6,1,0.7583683597220225,ok
7,train,control,6,1,0.7583683597220225,ok
7,train,structured,7,1,0.5983034509263682,ok
7,train,control,7,1,0.5973393598858985,ok
7,train,structured,8,1,0.6032059437739873,ok
7,train,control,8,1,0.6277145548535185,ok
7,train,structured,9,1,0.6141714673280299,ok
7,train,control,9,1,0.5449721874742565,ok
7,train,structured,10,1,0.6136148807719624,ok
7,train,control,10,1,0.5838721888669719,ok
7,train,structured,11,1,0.5559402605554676,ok
7,train,control,11,1,0.572175907869976,ok
7,train,structured,0,2,0.6243410717134532,ok
7,train,control,0,2,0.5953967281387479,ok
7,train,structured,1,2,0.6024297462201972,ok
7,train,control,1,2,0.6034482062450873,ok
7,train,structured,2,2,0.578819711229599,ok
7,train,control,2,2,0.623638128522097,ok
7,train,structured,3,2,0.6056268201397722,ok
7,train,control,3,2,0.5992471451566426,ok
7,train,structured,4,2,0.6268582463900026,ok
7,train,control,4,2,0.7743627227850871,ok
7,train,structured,5,2,0.6029889702092748,ok
7,train,control,5,2,0.5998636300315684,ok
7,train,structured,6,2,0.7583683597220225,ok
7,train,control,6,2,0.7583683597220225,ok
7,train,structured,7,2,0.6397422787411271,ok
7,train,control,7,2,0.617077279129528,ok
7,train,structured,8,2,0.5941753041720532,ok
7,train,control,8,2,0.5634943955613415,ok
7,train,structured,9,2,0.5950992780867935,ok
7,train,control,9,2,0.6073576358792645,ok
7,train,structured,10,2,0.5958888928518468,ok
7,train,control,10,2,0.6231774315907922,ok
7,train,structured,11,2,0.6091275974272021,ok
7,train,control,11,2,0.5951143633555441,ok
8,test,structured,0,0,0.6013716598447064,ok
8,test,control,0,0,0.5755701250684687,ok
8,test,structured,1,0,0.593900140589124,ok
8,test,control,1,0,0.5868549856209259,ok
8,test,structured,2,0,0.6126591709478276,ok
8,test,control,2,0,0.5932395755187921,ok
8,test,structured,3,0,0.6199496828912208,ok
8,test,control,3,0,0.5962451862952749,ok
8,test,structured,4,0,0.6239085394063095,ok
8,test,control,4,0,0.5839263635803124,ok
8,test,structured,5,0,0.5756890647035163,ok
8,test,control,5,0,0.5762772200773042,ok
8,test,structured,6,0,0.5947539841736349,ok
8,test,control,6,0,0.6032902128979707,ok
8,test,structured,7,0,0.5843401081108148,ok
8,test,control,7,0,0.5855105674332967,ok
8,test,structured,8,0,0.5894129304237038,ok
8,test,control,8,0,0.6140290141848737,ok
8,test,structured,9,0,0.6044128466722112,ok
8,test,control,9,0,0.5905742430157414,ok
8,test,structured,10,0,0.6049821258672813,ok
8,test,control,10,0,0.5999277875049336,ok
8,test,structured,11,0,0.6087913425043766,ok
8,test,control,11,0,0.5881764497681224,ok
8,test,structured,0,1,0.603315334620827,ok
8,test,control,0,1,0.6071731562930646,ok
8,test,structured,1,1,0.5946718560470169,ok
8,test,control,1,1,0.5941674378689726,ok
8,test,structured,2,1,0.5988651538247757,ok
8,test,control,2,1,0.6038017705534569,ok
8,test,structured,3,1,0.5891591305718306,ok
8,test,control,3,1,0.6064830604148542,ok
8,test,structured,4,1,0.5817576915218947,ok
8,test,control,4,1,0.5889532352973718,ok
8,test,structured,5,1,0.6080985139634045,ok
8,test,control,5,1,0.5829028882097016,ok
8,test,structured,6,1,0.6041140498593552,ok
8,test,control,6,1,0.5921389675793383,ok
8,test,structured,7,1,0.5884943089019096,ok
8,test,control,7,1,0.5902445635950998,ok
8,test,structured,8,1,0.60406937987326,ok
8,test,control,8,1,0.5716815196422969,ok
8,test,structured,9,1,0.6138586154152943,ok
8,test,control,9,1,0.6174466607776209,ok
8,test,structured,10,1,0.6172273385177951,ok
8,test,control,10,1,0.59607947063978,ok
8,test,structured,11,1,0.6164272645685113,ok
8,test,control,11,1,0.6399229224561047,ok
8,test,structured,0,2,0.6029170254204625,ok
8,test,control,0,2,0.6372019316505473,ok
8,test,structured,1,2,0.5942376204594474,ok
8,test,control,1,2,0.5761204772054127,ok
8,test,structured,2,2,0.6076564984565629,ok
8,test,control,2,2,0.5857955802289114,ok
8,test,structured,3,2,0.581265672434936,ok
8,test,control,3,2,0.6088911764118377,ok
8,test,structured,4,2,0.5966252344224244,ok
8,test,control,4,2,0.5977176644336315,ok
8,test,structured,5,2,0.6131788163216538,ok
8,test,control,5,2,0.6040128188778111,ok
8,test,structured,6,2,0.6351242802899305,ok
8,test,control,6,2,0.569987295202072,ok
8,test,structured,7,2,0.6056112472707406,ok
8,test,control,7,2,0.6353378373684767,ok
8,test,structured,8,2,0.5836759301198606,ok
8,test,control,8,2,0.5943305483729246,ok
8,test,structured,9,2,0.5944877329035475,ok
8,test,control,9,2,0.6297275061015593,ok
8,test,structured,10,2,0.5922628582728301,ok
8,test,control,10,2,0.6019023759301804,ok
8,test,structured,11,2,0.6493442421372615,ok
8,test,control,11,2,0.5660766584564734,ok
8,train,structured,0,0,0.6734534569230449,ok
8,train,control,0,0,0.5964729713188947,ok
8,train,structured,1,0,0.6165267480332086,ok
8,train,control,1,0,0.5910724166126459,ok
8,train,structured,2,0,0.6216996922233395,ok
8,train,control,2,0,0.5930760693803995,ok
8,train,structured,3,0,0.6261689268648287,ok
8,train,control,3,0,0.6091168792074916,ok
8,train,structured,4,0,0.7872632912075819,ok
8,train,control,4,0,0.5865641644695274,ok
8,train,structured,5,0,0.6239780614567618,ok
8,train,control,5,0,0.6036022852662446,ok
8,train,structured,6,0,0.7732239476519629,ok
8,train,control,6,0,0.5857375869233524,ok
8,train,structured,7,0,0.6039816716421651,ok
8,train,control,7,0,0.5718994994098583,ok
8,train,structured,8,0,0.5971808322049067,ok
8,train,control,8,0,0.55475955167138,ok
8,train,structured,9,0,0.6085684287415356,ok
8,train,control,9,0,0.5874369830746536,ok
8,train,structured,10,0,0.5981607561760859,ok
8,train,control,10,0,0.6065594341326076,ok
8,train,structured,11,0,0.6151268803686051,ok
8,train,control,11,0,0.5987574907331455,ok
8,train,structured,0,1,0.6747724741850359,ok
8,train,control,0,1,0.6907522916335126,ok
8,train,structured,1,1,0.6183171615786256,ok
8,train,control,1,1,0.6185644038719703,ok
8,train,structured,2,1,0.5812805742767494,ok
8,train,control,2,1,0.6490117812708043,ok
8,train,structured,3,1,0.5974635675847744,ok
8,train,control,3,1,0.5452587505144667,ok
8,train,structured,4,1,0.7872632912075819,ok
8,train,control,4,1,0.5931712747551195,ok
8,train,structured,5,1,0.5891997966808517,ok
8,train,control,5,1,0.5694770080610138,ok
8,train,structured,6,1,0.7732239476519629,ok
8,train,control,6,1,0.5834396483971084,ok
8,train,structured,7,1,0.557631618876537,ok
8,train,control,7,1,0.591263263051692,ok
8,train,structured,8,1,0.5855063404143834,ok
8,train,control,8,1,0.5701666262461754,ok
8,train,structured,9,1,0.5944972716443433,ok
8,train,control,9,1,0.6076067236130434,ok
8,train,structured,10,1,0.5992710314941587,ok
8,train,control,10,1,0.6084882865406023,ok
8,train,structured,11,1,0.5905823631179075,ok
8,train,control,11,1,0.5804647665959681,ok
8,train,structured,0,2,0.641582610423201,ok
8,train,control,0,2,0.6102736875125115,ok
8,train,structured,1,2,0.6132872507564842,ok
8,train,control,1,2,0.5694678061570897,ok
8,train,structured,2,2,0.6024711185729743,ok
8,train,control,2,2,0.6130751652177716,ok
8,train,structured,3,2,0.5995416450517584,ok
8,train,control,3,2,0.6376154407764107,ok
8,train,structured,4,2,0.7872632912075819,ok
8,train,control,4,2,0.583785174829676,ok
8,train,structured,5,2,0.5864270008072483,ok
8,train,control,5,2,0.5767879340448615,ok
8,train,structured,6,2,0.6305223761510619,ok
8,train,control,6,2,0.5733363229586521,ok
8,train,structured,7,2,0.6198765765210286,ok
8,train,control,7,2,0.5970282752493266,ok
8,train,structured,8,2,0.5973875606851894,ok
8,train,control,8,2,0.564285679152493,ok
8,train,structured,9,2,0.607473177521356,ok
8,train,control,9,2,0.5977373910938264,ok
8,train,structured,10,2,0.6066919232071674,ok
8,train,control,10,2,0.595009451858095,ok
8,train,structured,11,2,0.6004073225860638,ok
8,train,control,11,2,0.5879033838454071,ok
9,test,structured,0,0,0.5926504142960802,ok
9,test,control,0,0,0.6141852336924265,ok
9,test,structured,1,0,0.5896987890208552,ok
9,test,control,1,0,0.6325423196802227,ok
9,test,structured,2,0,0.6176739736144342,ok
9,test,control,2,0,0.6141888616995195,ok
9,test,structured,3,0,0.6028721597192517,ok
9,test,control,3,0,0.6288121548589016,ok
9,test,structured,4,0,0.5815730684173956,ok
9,test,control,4,0,0.621831697926825,ok
9,test,structured,5,0,0.5991592552444598,ok
9,test,control,5,0,0.5893613639989277,ok
9,test,structured,6,0,0.5970012627792004,ok
9,test,control,6,0,0.614114024822373,ok
9,test,structured,7,0,0.627239866101231,ok
9,test,control,7,0,0.6249318139906033,ok
9,test,structured,8,0,0.6306509240649789,ok
9,test,control,8,0,0.5784987970666913,ok
9,test,structured,9,0,0.6301894418815127,ok
9,test,control,9,0,0.6109289208642369,ok
9,test,structured,10,0,0.6005160734546819,ok
9,test,control,10,0,0.6189621321981044,ok
9,test,structured,11,0,0.6510971280262677,ok
9,test,control,11,0,0.6148069895100401,ok
9,test,structured,0,1,0.5814578538456272,ok
9,test,control,0,1,0.6260383011848926,ok
9,test,structured,1,1,0.6056230146441534,ok
9,test,control,1,1,0.6025757097037872,ok
9,test,structured,2,1,0.638497044814013,ok
9,test,control,2,1,0.6278746426564611,ok
9,test,structured,3,1,0.587861424753913,ok
9,test,control,3,1,0.5882637069544931,ok
9,test,structured,4,1,0.5586217529958557,ok
9,test,control,4,1,0.5914769807803272,ok
9,test,structured,5,1,0.6187909229490162,ok
9,test,control,5,1,0.5965676923716837,ok
9,test,structured,6,1,0.6121000644325287,ok
9,test,control,6,1,0.6295916236129113,ok
9,test,structured,7,1,0.7568713121489885,ok
9,test,control,7,1,0.6113123481926382,ok
9,test,structured,8,1,0.5973497009811776,ok
9,test,control,8,1,0.6043186178600759,ok
9,test,structured,9,1,0.6264677387960463,ok
9,test,control,9,1,0.6077170815600351,ok
9,test,structured,10,1,0.5966148630119084,ok
9,test,control,10,1,0.5856033624977264,ok
9,test,structured,11,1,0.6918369421002417,ok
9,test,control,11,1,0.614668026788575,ok
9,test,structured,0,2,0.6014924893808312,ok
9,test,control,0,2,0.624767980503061,ok
9,test,structured,1,2,0.6121814961160783,ok
9,test,control,1,2,0.6063303160250266,ok
9,test,structured,2,2,0.6221802536978416,ok
9,test,control,2,2,0.6086586648817602,ok
9,test,structured,3,2,0.60839003602951,ok
9,test,control,3,2,0.601953001687694,ok
9,test,structured,4,2,0.6028149964430165,ok
9,test,control,4,2,0.6104131643964925,ok
9,test,structured,5,2,0.631963969387678,ok
9,test,control,5,2,0.6148766551821794,ok
9,test,structured,6,2,0.768577594397943,ok
9,test,control,6,2,0.5895021553897433,ok
9,test,structured,7,2,0.6039505223009713,ok
9,test,control,7,2,0.607283444090845,ok
9,test,structured,8,2,0.7599507611433994,ok
9,test,control,8,2,0.6052231377219046,ok
9,test,structured,9,2,0.6237029878378121,ok
9,test,control,9,2,0.6310710254170355,ok
9,test,structured,10,2,0.6075269058294805,ok
9,test,control,10,2,0.5961674124338758,ok
9,test,structured,11,2,0.6139878563754163,ok
9,test,control,11,2,0.6302561108816287,ok
9,train,structured,0,0,0.6215038828077115,ok
9,train,control,0,0,0.6160731746424072,ok
9,train,structured,1,0,0.61079506670279,ok
9,train,control,1,0,0.5892583934392834,ok
9,train,structured,2,0,0.5969174596633187,ok
9,train,control,2,0,0.5979374114122484,ok
9,train,structured,3,0,0.5983763658193353,ok
9,train,control,3,0,0.6050805085664036,ok
9,train,structured,4,0,0.679746310110455,ok
9,train,control,4,0,0.6363678849303676,ok
9,train,structured,5,0,0.6021444631692887,ok
9,train,control,5,0,0.6169577406710458,ok
9,train,structured,6,0,0.7213285870844518,ok
9,train,control,6,0,0.6341097857474516,ok
9,train,structured,7,0,0.6144515312940989,ok
9,train,control,7,0,0.5310768697491084,ok
9,train,structured,8,0,0.6037629979467607,ok
9,train,control,8,0,0.6008095887428031,ok
9,train,structured,9,0,0.5866038360246452,ok
9,train,control,9,0,0.5753829466653868,ok
9,train,structured,10,0,0.6112372481653748,ok
9,train,control,10,0,0.5904723252047562,ok
9,train,structured,11,0,0.583415552813305,ok
9,train,control,11,0,0.5890916386579705,ok
9,train,structured,0,1,0.6221408853926628,ok
9,train,control,0,1,0.5682831787745344,ok
9,train,structured,1,1,0.7598627858150576,ok
9,train,control,1,1,0.6076748263868018,ok
9,train,structured,2,1,0.6354181285776311,ok
9,train,control,2,1,0.6109399116146177,ok
9,train,structured,3,1,0.6052567668070371,ok
9,train,control,3,1,0.5825018631224492,ok
9,train,structured,4,1,0.602049546074991,ok
9,train,control,4,1,0.6227493225941165,ok
9,train,structured,5,1,0.6437256256028949,ok
9,train,control,5,1,0.5902906377356861,ok
9,train,structured,6,1,0.6122300076925655,ok
9,train,control,6,1,0.6115607919641732,ok
9,train,structured,7,1,0.7441913904866772,ok
9,train,control,7,1,0.6080202069930765,ok
9,train,structured,8,1,0.5955576491290956,ok
9,train,control,8,1,0.6038752793557484,ok
9,train,structured,9,1,0.5998911800878962,ok
9,train,control,9,1,0.603555218631013,ok
9,train,structured,10,1,0.598449400852947,ok
9,train,control,10,1,0.6422559850837615,ok
9,train,structured,11,1,0.7171047831452178,ok
9,train,control,11,1,0.6115695791001581,ok
9,train,structured,0,2,0.6131846173309362,ok
9,train,control,0,2,0.6057492685777444,ok
9,train,structured,1,2,0.5962923526821604,ok
9,train,control,1,2,0.6209266570121958,ok
9,train,structured,2,2,0.6168071710961225,ok
9,train,control,2,2,0.6254626279025971,ok
9,train,structured,3,2,0.7634793030265231,ok
9,train,control,3,2,0.6303818465609602,ok
9,train,structured,4,2,0.6055718654958534,ok
9,train,control,4,2,0.6284941898908443,ok
9,train,structured,5,2,0.610626668831052,ok
9,train,control,5,2,0.5556761038040979,ok
9,train,structured,6,2,0.5929953416486264,ok
9,train,control,6,2,0.6144578520760211,ok
9,train,structured,7,2,0.59909793182821,ok
9,train,control,7,2,0.6149287775314484,ok
9,train,structured,8,2,0.6157027983334448,ok
9,train,control,8,2,0.5866089437818458,ok
9,train,structured,9,2,0.5929612745757659,ok
9,train,control,9,2,0.6127460419601153,ok
9,train,structured,10,2,0.6112235636226927,ok
9,train,control,10,2,0.5811248011353763,ok
9,train,structured,11,2,0.5918027874860475,ok
9,train,control,11,2,0.6086481026410215,ok
