w,arm,seed,r_task,r_geo,auc,rho,align_env,align_ref,frob_env,frob_ref,gref_orth,recon_err,status
0.4,baseline_ppo,0,0.1888382065015251,0.5387519277841163,6.468694921088812,,,,,,1.1920928955078125e-07,0.0,ok
0.4,so+M_env,0,0.14927651753457025,0.8923004203623781,8.801884045656061,1.0000008344650269,0.8412327496960519,0.8412327496960519,0.8327358694794823,0.8327358694794823,1.1920928955078125e-07,0.0,ok
0.4,so+G_ref,0,0.1524039162089396,0.5048916234981424,5.7718766113242275,1.0000009536743164,0.013616855722005428,0.6927709694321071,0.02859452467681049,0.7445444310322824,1.1920928955078125e-07,0.0,ok
0.4,so+G_rand,0,0.15067312298365815,0.5260177239555478,5.914204712193945,1.0000008344650269,0.04671558445983241,0.7339300580488028,0.06104882716706942,0.7518916118301133,1.1920928955078125e-07,8.881784197001252e-16,ok
0.4,so+no_aux,0,0.15877324354443803,0.5174685923095638,5.948356302399669,1.0000009536743164,-0.015583397590928876,,-0.015828600384075797,,1.1920928955078125e-07,8.881784197001252e-16,ok
0.4,baseline_ppo,1,0.17890876808510978,0.5474137968316984,6.414925951869051,,,,,,1.1920928955078125e-07,8.881784197001252e-16,ok
0.4,so+M_env,1,0.14746249236952594,0.8571338028396791,8.50207147352602,1.0000009536743164,0.7396316663135625,0.7396316663135625,0.7591440881517114,0.7591440881517114,1.1920928955078125e-07,1.7763568394002505e-15,ok
0.4,so+G_ref,1,0.1619846755933904,0.4948787755279802,5.802564887975381,1.0000009536743164,-0.02000564500452919,0.8375791279778874,0.030560954209216045,0.8233925777075725,1.1920928955078125e-07,8.881784197001252e-16,ok
0.4,so+G_rand,1,0.1670690094420997,0.5360711000198343,6.191513675147094,1.0000008344650269,0.024943924260747742,0.7457264921419519,0.01644043708767539,0.7559925384278182,1.1920928955078125e-07,0.0,ok
0.4,so+no_aux,1,0.15247904439708768,0.5196808844676086,5.885164850811467,1.0000009536743164,0.014265623597746612,,0.009795841504156659,,1.1920928955078125e-07,0.0,ok
0.4,baseline_ppo,2,0.18803803511972347,0.5420253044457174,6.481804715438096,,,,,,1.1920928955078125e-07,8.881784197001252e-16,ok
0.4,so+M_env,2,0.14716708351625557,0.8570267513157801,8.495980419333135,1.0000009536743164,0.7654362120544823,0.7654362120544823,0.7963038626078777,0.7963038626078777,1.1920928955078125e-07,0.0,ok
0.4,so+G_ref,2,0.1587340177036443,0.5294659206096549,6.03682114967164,1.000001072883606,0.03687315134501641,0.7193927314584282,0.05567917714414681,0.7554208036246833,1.1920928955078125e-07,0.0,ok
0.4,so+G_rand,2,0.14475277004481166,0.5096091814796285,5.716689749005714,1.0000009536743164,0.007301507241204492,0.8582775740716594,0.00811144109382296,0.8061241478124161,1.1920928955078125e-07,0.0,ok
0.4,so+no_aux,2,0.157572951579055,0.5193053119483715,5.943871891485742,1.0000008344650269,0.04723097055692719,,0.015688432139796753,,1.1920928955078125e-07,0.0,ok
0.4,baseline_ppo,3,0.18732089477923466,0.545852695877136,6.503395465237937,,,,,,1.1920928955078125e-07,0.0,ok
0.4,so+M_env,3,0.15851171304932424,0.8379569599770942,8.482135154322703,1.0000008940696716,0.6882566805119508,0.6882566805119508,0.7445975978861007,0.7445975978861007,1.1920928955078125e-07,0.0,ok
0.4,so+G_ref,3,0.16353680310073024,0.5294703005826722,6.094991724425737,1.0000008940696716,0.003479283788799744,0.803525422773465,0.05014090657269674,0.8002897852197641,1.1920928955078125e-07,8.881784197001252e-16,ok
0.4,so+G_rand,3,0.16034941792002635,0.5302778248162553,6.069169014674723,1.000001072883606,0.05931130364448864,0.7805277098291492,0.006855324317943286,0.7898240279096098,1.1920928955078125e-07,8.881784197001252e-16,ok
0.4,so+no_aux,3,0.14612015849837576,0.5076831965481087,5.716433509747369,1.0000009536743164,-0.019157927494633558,,-0.0009588736485668811,,1.1920928955078125e-07,0.0,ok
0.4,baseline_ppo,4,0.1907717880093884,0.5599834830638332,6.658981081208576,,,,,,1.1920928955078125e-07,8.881784197001252e-16,ok
0.4,so+M_env,4,0.16530894888930878,0.8792396494646867,8.890901023098523,1.0000009536743164,0.7378315734022236,0.7378315734022236,0.7601581732288059,0.7601581732288059,1.1920928955078125e-07,0.0,ok
0.4,so+G_ref,4,0.14363715835101418,0.5263094119890437,5.834159899662163,1.0000009536743164,0.023222211172704097,0.8761139065607181,0.028561289821618933,0.8459294036299396,1.1920928955078125e-07,0.0,ok
0.4,so+G_rand,4,0.1603921118518711,0.5287937363517625,6.052891824441739,1.0000008344650269,0.06003232533777426,0.746153495850663,-0.007366474390661445,0.760904141045238,1.1920928955078125e-07,0.0,ok
0.4,so+no_aux,4,0.1610755782452072,0.5166630411670698,5.966459229335423,1.0000009536743164,-0.02725656004152143,,-0.009350990916723267,,1.1920928955078125e-07,0.0,ok
0.4,baseline_ppo,5,0.19191242380989923,0.5601332676424334,6.674923849939847,,,,,,1.1920928955078125e-07,0.0,ok
0.4,so+M_env,5,0.15769487695681375,0.8545766127337391,8.605070818353107,1.0000008344650269,0.7781836737671355,0.7781836737671355,0.7817197640351511,0.7817197640351511,1.1920928955078125e-07,0.0,ok
0.4,so+G_ref,5,0.18017658532686381,0.5420169691506153,6.3916881230010585,1.000001072883606,-0.005215679651760887,0.7880944731838994,0.017006755308562653,0.7919370235333815,1.1920928955078125e-07,0.0,ok
0.4,so+G_rand,5,0.1459099786976779,0.49438006577940347,5.610973743213377,1.0000009536743164,-0.01017826698123995,0.8352703064189264,0.0005937928116353182,0.8156163498399517,1.1920928955078125e-07,0.0,ok
0.4,so+no_aux,5,0.16570652250360415,0.5188057851881566,6.039504544460434,1.0000010132789612,0.007721137779033105,,-0.00033913517774380845,,1.1920928955078125e-07,0.0,ok
0.4,baseline_ppo,6,0.1743520928696093,0.563612123193716,6.49116823806936,,,,,,1.1920928955078125e-07,0.0,ok
0.4,so+M_env,6,0.14905002795980934,0.8805058782765641,8.704917402439303,1.0000009536743164,0.8380337189628407,0.8380337189628407,0.8276201939778525,0.8276201939778525,1.1920928955078125e-07,0.0,ok
0.4,so+G_ref,6,0.16354608242841745,0.5137978129617947,5.968646855280821,1.0000008940696716,0.031892921762580975,0.7798420662921244,0.021141757914589766,0.772316179802269,1.1920928955078125e-07,8.881784197001252e-16,ok
0.4,so+G_rand,6,0.14014067949469272,0.5171882935257007,5.720556630357286,1.0000008344650269,0.02182821622982013,0.7315928119334509,-0.014663533563839422,0.7826596926463903,1.1920928955078125e-07,1.7763568394002505e-15,ok
0.4,so+no_aux,6,0.16101245731094638,0.5188916316851352,5.980755154240868,1.0000009536743164,-0.05302367268549736,,-0.04817356904931514,,1.1920928955078125e-07,0.0,ok
0.4,baseline_ppo,7,0.18192012962026818,0.5452376041238196,6.436954608204192,,,,,,1.1920928955078125e-07,0.0,ok
0.4,so+M_env,7,0.14568503718743997,0.8409084867909395,8.349938166251766,1.0000009536743164,0.7146715701611319,0.7146715701611319,0.7431539010408844,0.7431539010408844,1.1920928955078125e-07,0.0,ok
0.4,so+G_ref,7,0.14629151848301333,0.5222349122381148,5.833480781277644,1.0000008344650269,0.034423639537091856,0.7471757291848014,0.057571501406963925,0.7151407003070231,1.1920928955078125e-07,0.0,ok
0.4,so+G_rand,7,0.14560841034336205,0.5314170584081052,5.8964828062279215,1.0000009536743164,-6.7228061709631234e-06,0.7545068930480483,-0.027827802317176787,0.773520797748329,1.1920928955078125e-07,0.0,ok
0.4,so+no_aux,7,0.1527801214891992,0.5195413492137411,5.884166649883145,1.0000009536743164,0.03910579267222808,,-0.014889152450735472,,1.1920928955078125e-07,1.7763568394002505e-15,ok
0.4,baseline_ppo,8,0.19677781095452598,0.5357911716757031,6.540013775730275,,,,,,1.1920928955078125e-07,0.0,ok
0.4,so+M_env,8,0.17150935304776235,0.8858850026334015,9.014900698889427,1.0000008344650269,0.826934341147258,0.826934341147258,0.8347809424687748,0.8347809424687748,1.1920928955078125e-07,0.0,ok
0.4,so+G_ref,8,0.17436757084489746,0.5290091681208617,6.225921166202364,1.0000009536743164,0.020274185818663696,0.7712725524396795,0.0416330256652157,0.7746393832704558,1.1920928955078125e-07,0.0,ok
0.4,so+G_rand,8,0.1577177181014566,0.5153517057817739,5.9194112917487445,1.0000008344650269,-0.009292885262342728,0.7926980522437018,0.003129525148083722,0.7710998878169153,1.1920928955078125e-07,0.0,ok
0.4,so+no_aux,8,0.15811639734497243,0.5336740972676625,6.067199489708995,1.0000008344650269,-0.03371751262697088,,-0.00496590068588643,,1.1920928955078125e-07,0.0,ok
0.4,baseline_ppo,9,0.1800872858010328,0.5433824560102074,6.397694755956924,,,,,,1.1920928955078125e-07,0.0,ok
0.4,so+M_env,9,0.15644241727705177,0.8695383861795069,8.709428865239808,1.0000009536743164,0.731726163339366,0.731726163339366,0.7800800986264855,0.7800800986264855,1.1920928955078125e-07,0.0,ok
0.4,so+G_ref,9,0.15520184780806115,0.5202741653169661,5.920319250114638,1.0000008344650269,0.022272797646328134,0.7638715098775,0.02739540098605059,0.7680248462344484,1.1920928955078125e-07,0.0,ok
0.4,so+G_rand,9,0.13782586463814264,0.4428107041609318,5.103266236754237,1.0000008344650269,-0.1428589929830264,0.7440054320966485,-0.04210381869178412,0.7401367157612413,1.1920928955078125e-07,0.0,ok
0.4,so+no_aux,9,0.1518559951281116,0.5212641079820848,5.891131971919945,1.0000008940696716,-0.030949014971190313,,0.00392821346332711,,1.1920928955078125e-07,0.0,ok
0.4,baseline_ppo,10,0.1722530303461759,0.5494907939052831,6.359721127279959,,,,,,1.1920928955078125e-07,0.0,ok
0.4,so+M_env,10,0.15522424906400276,0.8618530605903205,8.631084869336897,1.0000009536743164,0.7556127933853038,0.7556127933853038,0.7918997739751732,0.7918997739751732,1.1920928955078125e-07,1.7763568394002505e-15,ok
0.4,so+G_ref,10,0.14633844829526355,0.5078715149034435,5.727283792651176,1.0000009536743164,-0.004925689523129261,0.6813034088666561,0.05426045942574395,0.7121892059688819,1.1920928955078125e-07,8.881784197001252e-16,ok
0.4,so+G_rand,10,0.14935658030769827,0.4816537743201013,5.550641333313166,1.0000008344650269,-0.027895854397690045,0.7839829098307776,-0.014081729527956782,0.7770498626690366,1.1920928955078125e-07,8.881784197001252e-16,ok
0.4,so+no_aux,10,0.1571650230947862,0.5150760481411746,5.905792362503724,1.0000008940696716,-0.018225921222078733,,-0.008945867457614817,,1.1920928955078125e-07,0.0,ok
0.4,baseline_ppo,11,0.1913130004658385,0.5554442488936087,6.627628450423592,,,,,,1.1920928955078125e-07,2.6645352591003757e-15,ok
0.4,so+M_env,11,0.15185579835159563,0.8887455629228614,8.806788326738594,1.0000008344650269,0.8304663969421058,0.8304663969421058,0.8102092629742512,0.8102092629742512,1.1920928955078125e-07,1.7763568394002505e-15,ok
0.4,so+G_ref,11,0.16354852816533993,0.5385545128242424,6.1698576153318205,1.000001072883606,0.0035947544532767862,0.7970816402528723,0.032786619812039605,0.7910621306665232,1.1920928955078125e-07,0.0,ok
0.4,so+G_rand,11,0.15678006055811938,0.4879348810200735,5.684629336678091,1.0000009536743164,-0.042914417584075784,0.7874918535395541,-0.012261853379442834,0.8018853880976703,1.1920928955078125e-07,0.0,ok
0.4,so+no_aux,11,0.14719059434135526,0.5251475191324794,5.868151865643017,1.0000009536743164,0.043406091062217905,,0.016280077341133736,,1.1920928955078125e-07,0.0,ok
0.4,baseline_ppo,12,0.1776213134013434,0.5532986438794684,6.447912235290271,,,,,,1.1920928955078125e-07,0.0,ok
0.4,so+M_env,12,0.15404396555353275,0.8690771241221579,8.676411183535691,1.000001072883606,0.7745643984749787,0.7745643984749787,0.7665653288894035,0.7665653288894035,1.1920928955078125e-07,0.0,ok
0.4,so+G_ref,12,0.1506625991166225,0.5074079859583018,5.767424221695867,1.0000009536743164,0.03287836240009105,0.7606596363157295,0.023047916401573082,0.7512271256010246,1.1920928955078125e-07,8.881784197001252e-16,ok
0.4,so+G_rand,12,0.15095591993285673,0.5359302876659668,5.999570918805696,1.0000008344650269,0.07044748183930506,0.7677563326305996,0.029293481771377427,0.8004271250663959,1.1920928955078125e-07,8.881784197001252e-16,ok
0.4,so+no_aux,12,0.15765718498961903,0.5448643008590366,6.143440140787922,1.0000008940696716,0.033348598043862324,,0.03014245866661444,,1.1920928955078125e-07,0.0,ok
0.4,baseline_ppo,13,0.15848459115279429,0.5636923866289979,6.302671346815771,,,,,,1.1920928955078125e-07,8.881784197001252e-16,ok
0.4,so+M_env,13,0.14808625057875374,0.9049831062156707,8.8927099355878,1.0000008344650269,0.8498645287740895,0.8498645287740895,0.8348839947252156,0.8348839947252156,1.1920928955078125e-07,0.0,ok
0.4,so+G_ref,13,0.14546525090599197,0.5085320168082602,5.716769264100164,1.0000009536743164,0.016042826779645386,0.7656036468217707,0.04055947560622777,0.7537485838416157,1.1920928955078125e-07,8.881784197001252e-16,ok
0.4,so+G_rand,13,0.14317501943169916,0.5195341635803071,5.773766407837555,1.0000008344650269,-0.07479973278798174,0.7865125159817618,-0.048116405320047594,0.7639067971395237,1.1920928955078125e-07,0.0,ok
0.4,so+no_aux,13,0.138883705376422,0.5029308199276682,5.592162187444313,1.0000009536743164,0.008210621057302928,,0.0057955858119785085,,1.1920928955078125e-07,0.0,ok
0.4,baseline_ppo,14,0.1870797919010921,0.5610417474678407,6.620249443007816,,,,,,1.1920928955078125e-07,1.7763568394002505e-15,ok
0.4,so+M_env,14,0.17173720800104939,0.8765551085378974,8.94845826118567,1.0000009536743164,0.7727023786302435,0.7727023786302435,0.7600099509070637,0.7600099509070637,1.1920928955078125e-07,0.0,ok
0.4,so+G_ref,14,0.15921658557663532,0.5251201742533594,6.0066984105733825,1.0000009536743164,0.02201489899442298,0.7652018763444934,0.025339230230779834,0.7415348129417455,1.1920928955078125e-07,0.0,ok
0.4,so+G_rand,14,0.16830856388336493,0.48885591972428366,5.833611708337642,1.0000009536743164,-0.07331643672874733,0.8251669248156587,-0.052439410427770505,0.8179384075737441,1.1920928955078125e-07,0.0,ok
0.4,so+no_aux,14,0.17232411980471782,0.5473481998308561,6.334893729890569,1.0000009536743164,0.052677750167483446,,0.06451447597195759,,1.1920928955078125e-07,8.881784197001252e-16,ok
0.4,baseline_ppo,15,0.1962714811753,0.5361394236992424,6.535590775370722,,,,,,1.1920928955078125e-07,0.0,ok
0.4,so+M_env,15,0.15653672989792786,0.8643409925706995,8.670538001102129,1.0000008344650269,0.7759568149463953,0.7759568149463953,0.7718125577340639,0.7718125577340639,1.1920928955078125e-07,0.0,ok
0.4,so+G_ref,15,0.16676074642869723,0.5005171251003088,5.9087597052764895,1.0000009536743164,-0.05928780499144787,0.6620229795549302,0.00930103219991045,0.7390688570190779,1.1920928955078125e-07,8.881784197001252e-16,ok
0.4,so+G_rand,15,0.17324454128811473,0.5348357114353217,6.254701533963702,1.0000009536743164,0.014667113738626057,0.8013196859636273,0.027065585221058418,0.825988415448592,1.1920928955078125e-07,0.0,ok
0.4,so+no_aux,15,0.15511207581080397,0.51468436038744,5.8841819227576595,1.000001072883606,-0.09097164059662106,,-0.015898566262179913,,1.1920928955078125e-07,0.0,ok
0.4,baseline_ppo,16,0.18445552182468755,0.5611018486090315,6.592810475779967,,,,,,1.1920928955078125e-07,0.0,ok
0.4,so+M_env,16,0.14947471727136713,0.8974201322536295,8.842251360434169,1.0000008344650269,0.8348135234090961,0.8348135234090961,0.8098608399454901,0.8098608399454901,1.1920928955078125e-07,0.0,ok
0.4,so+G_ref,16,0.17941818993866898,0.5230079286589597,6.230429416841075,1.0000009536743164,-0.005538632310242016,0.7625490035033421,0.04269444982714533,0.7176868755380271,1.1920928955078125e-07,0.0,ok
0.4,so+G_rand,16,0.16591901663403513,0.49791351242028176,5.8741955352714905,1.0000008344650269,-0.03419233993670304,0.7896853975670861,-0.009560188744737979,0.7955946871701319,1.1920928955078125e-07,0.0,ok
0.4,so+no_aux,16,0.18305011404955585,0.5586007782018587,6.553890709700312,1.0000009536743164,0.051786500304685,,0.015629176657765212,,1.1920928955078125e-07,0.0,ok
0.4,baseline_ppo,17,0.18146252230284998,0.5428877940817736,6.413282385812729,,,,,,1.1920928955078125e-07,0.0,ok
0.4,so+M_env,17,0.16760148342312411,0.8936034376729901,9.030471932198642,1.0000009536743164,0.7970553946433572,0.7970553946433572,0.8136969460988069,0.8136969460988069,1.1920928955078125e-07,0.0,ok
0.4,so+G_ref,17,0.16260788143030278,0.5234642881499448,6.037936783806599,1.0000009536743164,0.01206733251296451,0.8286128230995183,0.035553161676078304,0.8166079953536654,1.1920928955078125e-07,0.0,ok
0.4,so+G_rand,17,0.1668678948240825,0.5134258081651294,6.005101097815275,1.000001072883606,-0.033652584622883244,0.7368841782006448,0.009646982971585009,0.7927505634964986,1.1920928955078125e-07,0.0,ok
0.4,so+no_aux,17,0.16405091468337482,0.5116442892111527,5.954706923937962,1.0000009536743164,-0.028282192812511403,,0.009748631210907006,,1.1920928955078125e-07,0.0,ok
0.4,baseline_ppo,18,0.1975184367920597,0.532270312868276,6.519485472225772,,,,,,1.1920928955078125e-07,0.0,ok
0.4,so+M_env,18,0.15957374070097038,0.89115561338601,8.917928605241382,1.0000009536743164,0.84505588763057,0.84505588763057,0.8474553734744305,0.8474553734744305,1.1920928955078125e-07,0.0,ok
0.4,so+G_ref,18,0.1715024938548914,0.5292666350671789,6.187413023226908,1.0000008940696716,0.038990016253744486,0.8093411837882694,0.0392114425129467,0.777545136308023,1.1920928955078125e-07,0.0,ok
0.4,so+G_rand,18,0.16586701471112023,0.5087095375384204,5.961544502318303,1.000001072883606,-0.05984959712365429,0.7933823568414637,-0.014021844014618923,0.7743161289173843,1.1920928955078125e-07,8.881784197001252e-16,ok
0.4,so+no_aux,18,0.15993286801538611,0.5328473202206816,6.083858980364164,1.0000008344650269,0.03552105653436713,,0.021252709809272033,,1.1920928955078125e-07,1.7763568394002505e-15,ok
0.4,baseline_ppo,19,0.1780427614125024,0.5499981379600242,6.431351293182613,,,,,,1.1920928955078125e-07,0.0,ok
0.4,so+M_env,19,0.15000024414324384,0.8675091586170409,8.621145012172455,1.0000008940696716,0.759299024753979,0.759299024753979,0.7477338767299843,0.7477338767299843,1.1920928955078125e-07,1.7763568394002505e-15,ok
0.4,so+G_ref,19,0.164721632320439,0.5200117562717758,6.037386990259167,1.0000008344650269,0.030178502988150616,0.8806943727998994,0.04761862624244495,0.8521161992910528,1.1920928955078125e-07,0.0,ok
0.4,so+G_rand,19,0.15285353606006857,0.49557859801203014,5.7028801250040155,1.0000009536743164,0.024693709038154744,0.77579671238105,-0.007762539283217434,0.7385100617773632,1.1920928955078125e-07,8.881784197001252e-16,ok
0.4,so+no_aux,19,0.15739041762408454,0.5103759404742625,5.872749670881698,1.0000009536743164,-0.01037238302451849,,0.021207372839202952,,1.1920928955078125e-07,0.0,ok
