draw,m_env_seed,arm,seed,auc,r_task,r_geo,rho,recon_err,status
0,900000,baseline_ppo,0,6.29428139562721,0.1895738076094536,0.515665323318479,,0.0,ok
0,900000,so,0,8.665763756867907,0.1408876700275641,0.8871099711391144,1.0000010132789612,1.7763568394002505e-15,ok
0,900000,sl,0,8.094818954414622,0.15103763562481407,0.8000668869587283,2.2517589330673218,0.0,ok
0,900000,gl,0,8.165781256256095,0.14712661843333016,0.8150372738694152,2.238743543624878,0.0,ok
0,900000,sym,0,6.647721790420095,0.13758801920106747,0.6371909396403779,2399.0213623046875,0.0,ok
0,900000,baseline_ppo,1,6.164592054981861,0.17917253276959286,0.5151396024982755,,0.0,ok
0,900000,so,1,8.83984010836181,0.15821144095411974,0.8835312589431491,1.0000008940696716,0.0,ok
0,900000,sl,1,8.043392772756889,0.14917148318905094,0.7976155415878631,2.6881531476974487,0.0,ok
0,900000,gl,1,8.211938397724298,0.15307183416456416,0.8128031159426086,2.40874981880188,0.0,ok
0,900000,sym,1,6.740657865060857,0.15129156313134237,0.6290947491664285,2034.751708984375,0.0,ok
0,900000,baseline_ppo,2,5.951027406953356,0.16671847814134733,0.5068529861964285,,8.881784197001252e-16,ok
0,900000,so,2,8.684472206057539,0.15003779593797378,0.8769301230227575,1.0000008344650269,0.0,ok
0,900000,sl,2,8.051929316372162,0.15624119487059845,0.788121749430274,2.723389983177185,0.0,ok
0,900000,gl,2,7.924914897120478,0.1435932116882335,0.7903911874551945,2.6565213203430176,8.881784197001252e-16,ok
0,900000,sym,2,6.631731781468907,0.1436691144134627,0.6262918627987616,3809.8890380859375,0.0,ok
1,900001,baseline_ppo,0,5.916479405592947,0.1797045623965058,0.4823442056108887,,8.881784197001252e-16,ok
1,900001,so,0,8.82324801704334,0.1495670336866079,0.8935241719652898,1.0000008344650269,0.0,ok
1,900001,sl,0,7.971019813113459,0.1546948799297226,0.7790028776447289,2.578106999397278,0.0,ok
1,900001,gl,0,7.933363183217535,0.14462802530360883,0.7894946170279759,2.2817920446395874,8.881784197001252e-16,ok
1,900001,sym,0,6.548450669230315,0.15053283930367753,0.605321562486561,4990.899658203125,0.0,ok
1,900001,baseline_ppo,1,5.763331787826613,0.1693885241687532,0.47868926368833825,,0.0,ok
1,900001,so,1,8.78136718773938,0.14022994253715243,0.9029971172673628,1.0000009536743164,0.0,ok
1,900001,sl,1,7.977614503760952,0.14496456900932267,0.794715940364295,2.3036322593688965,8.881784197001252e-16,ok
1,900001,gl,1,7.861951782768374,0.13665741991618538,0.7927483607869905,2.113940715789795,0.0,ok
1,900001,sym,1,6.27724028993459,0.14743041860370826,0.5760272996118757,18984.666015625,8.881784197001252e-16,ok
1,900001,baseline_ppo,2,5.681159556818114,0.16097728426511912,0.48081454172354804,,0.0,ok
1,900001,so,2,8.814719094780518,0.1442930125488279,0.9007220986466856,1.0000009536743164,0.0,ok
1,900001,sl,2,7.943303986790537,0.15240585145632213,0.7794586747156457,2.334681510925293,8.881784197001252e-16,ok
1,900001,gl,2,7.958705765334632,0.1492923643675894,0.7863738258151957,2.411989212036133,0.0,ok
1,900001,sym,2,6.444120221625171,0.14298438403241823,0.603656557387455,2594.1083984375,0.0,ok
2,900002,baseline_ppo,0,5.795109878893095,0.16954596105226263,0.48198487807375684,,8.881784197001252e-16,ok
2,900002,so,0,8.771461664624171,0.15648247353649697,0.8776432061962783,1.000001072883606,0.0,ok
2,900002,sl,0,7.906132638724628,0.14192977368506055,0.7901356281137405,2.6670931577682495,8.881784197001252e-16,ok
2,900002,gl,0,7.969322789269662,0.14490564099340622,0.7936248295191055,2.809593915939331,0.0,ok
2,900002,sym,0,6.762298881994449,0.1409516155125809,0.6467261386699587,360.3769226074219,0.0,ok
2,900002,baseline_ppo,1,5.648919872805016,0.16003228888864596,0.47859933287004636,,0.0,ok
2,900002,so,1,8.498101322788271,0.15381645265815974,0.8464538994522144,1.0000008344650269,0.0,ok
2,900002,sl,1,7.875677320202813,0.16222630270684193,0.7559302858524956,2.7166026830673218,0.0,ok
2,900002,gl,1,7.806585838557102,0.1612839378310554,0.748808324430169,2.592334270477295,0.0,ok
2,900002,sym,1,6.303029054143172,0.14060701260467282,0.5893921776256833,25038.8662109375,0.0,ok
2,900002,baseline_ppo,2,5.751266858764219,0.1682022443656332,0.4784911621650681,,8.881784197001252e-16,ok
2,900002,so,2,8.392518108219829,0.15207159360279465,0.8363504368927329,1.0000009536743164,0.0,ok
2,900002,sl,2,7.905784158972376,0.14323204678389026,0.7884567418015873,2.076818585395813,0.0,ok
2,900002,gl,2,8.053403558874193,0.1614588104038119,0.7793369639431437,2.2428128719329834,1.7763568394002505e-15,ok
2,900002,sym,2,6.723920685701881,0.13991336174962757,0.6438773019307449,570.8923645019531,0.0,ok
3,900003,baseline_ppo,0,6.361273581719102,0.19977055163571636,0.5082632091214259,,0.0,ok
3,900003,so,0,8.42055909910271,0.1429165099009976,0.8529591254390776,1.0000008940696716,0.0,ok
3,900003,sl,0,8.116595758276032,0.156768355422248,0.7942556942526873,2.5230497121810913,0.0,ok
3,900003,gl,0,8.213682159405355,0.16521941959097414,0.7941716274208078,2.19517982006073,0.0,ok
3,900003,sym,0,6.59634421975495,0.15054496245402504,0.6115260175193815,1916.2681884765625,0.0,ok
3,900003,baseline_ppo,1,6.205155819599921,0.18944386447464695,0.5047313133868699,,0.0,ok
3,900003,so,1,8.837224737183133,0.15634009686431044,0.8858212925660733,1.0000008344650269,0.0,ok
3,900003,sl,1,8.189418102049427,0.15365604669487815,0.8087912157162402,1.9945586323738098,0.0,ok
3,900003,gl,1,8.137740773862804,0.15720246764582427,0.7972010662141567,2.0333075523376465,0.0,ok
3,900003,sym,1,6.607839565653506,0.1468804332395721,0.618410083170173,2311.1434326171875,0.0,ok
3,900003,baseline_ppo,2,6.053015956984284,0.18870190725050676,0.48691766912378376,,0.0,ok
3,900003,so,2,8.888286539097937,0.15851056669428126,0.8885462278103456,1.0000007152557373,0.0,ok
3,900003,sl,2,7.9559070365363045,0.15535635853457197,0.7766084010800968,2.8138492107391357,0.0,ok
3,900003,gl,2,7.955837584866275,0.15421338722792732,0.7779138911888005,2.52652907371521,0.0,ok
3,900003,sym,2,6.403842891993209,0.14820739626913795,0.5909218840551719,43175.087890625,0.0,ok
4,900004,baseline_ppo,0,6.294673513191841,0.19068615337682965,0.5140420081141716,,8.881784197001252e-16,ok
4,900004,so,0,8.74656136133078,0.15060953008527506,0.8828597787420575,1.0000008344650269,0.0,ok
4,900004,sl,0,8.176120895868653,0.15636007813521566,0.8027255557122951,2.6698529720306396,0.0,ok
4,900004,gl,0,8.097386087905985,0.1484055514835827,0.8049541724017512,2.470414161682129,0.0,ok
4,900004,sym,0,6.8013119957699955,0.15084234993743012,0.6370044369599782,880.9338684082031,8.881784197001252e-16,ok
4,900004,baseline_ppo,1,6.142074459480544,0.17032246147299837,0.5261971599997332,,0.0,ok
4,900004,so,1,8.542437302884474,0.1449110680442792,0.8660674758716176,1.0000009536743164,0.0,ok
4,900004,sl,1,7.949347192378059,0.1463718267285176,0.7893721900862487,2.3870028257369995,8.881784197001252e-16,ok
4,900004,gl,1,7.994244979347674,0.1513200802068116,0.787491389128721,2.8353564739227295,0.0,ok
4,900004,sym,1,6.813016652822425,0.14499943698516093,0.6479853498256763,1577.2182006835938,0.0,ok
4,900004,baseline_ppo,2,6.150212631152343,0.17512297516759776,0.5196807278030863,,8.881784197001252e-16,ok
4,900004,so,2,8.621376074452918,0.14655625917292533,0.8734890947686818,1.000001072883606,0.0,ok
4,900004,sl,2,8.022169506690954,0.15090406709854137,0.7913507780810197,2.314441442489624,0.0,ok
4,900004,gl,2,8.106743209121918,0.16037023814206258,0.7881650348169108,2.6139144897460938,0.0,ok
4,900004,sym,2,7.03938495878749,0.15170155510877373,0.6656377277098985,394.84832763671875,0.0,ok
5,900005,baseline_ppo,0,6.888268663471752,0.19809275256854078,0.5776329956114912,,0.0,ok
5,900005,so,0,8.798138406844403,0.15482657942022574,0.8833651902625957,1.0000008344650269,1.7763568394002505e-15,ok
5,900005,sl,0,8.171931658113824,0.15960704485531146,0.7976664051347722,2.4295706748962402,0.0,ok
5,900005,gl,0,8.20454741137908,0.16165183780962442,0.7990743849494806,2.613099217414856,0.0,ok
5,900005,sym,0,7.222016324217315,0.1600875618061801,0.6767260490280265,684.4421081542969,0.0,ok
5,900005,baseline_ppo,1,6.8369384157905,0.1838482148478932,0.5936735557930545,,0.0,ok
5,900005,so,1,8.559861168490146,0.139059123231069,0.8769257592398053,1.0000009536743164,1.7763568394002505e-15,ok
5,900005,sl,1,8.144081932398315,0.16013691736371213,0.7934241403605479,3.7120628356933594,0.0,ok
5,900005,gl,1,8.017655896923115,0.1535611268838078,0.7876403645826814,3.4923638105392456,0.0,ok
5,900005,sym,1,6.554768126353555,0.14434406771719163,0.6156620283783103,15830.00048828125,1.7763568394002505e-15,ok
5,900005,baseline_ppo,2,7.034827829763985,0.19249371758492648,0.605184616187339,,0.0,ok
5,900005,so,2,8.73227441795519,0.1495965964054538,0.8824510039672877,1.0000008344650269,0.0,ok
5,900005,sl,2,8.082652399359999,0.15615874749251965,0.7914958500624946,2.7843270301818848,0.0,ok
5,900005,gl,2,7.874543931572926,0.13882256160493253,0.7907252462469041,2.636579751968384,0.0,ok
5,900005,sym,2,6.98145211320257,0.15525853292212013,0.6532466480310385,1012.4672241210938,0.0,ok
6,900006,baseline_ppo,0,6.465409949329128,0.20388964812609492,0.5153133363886425,,0.0,ok
6,900006,so,0,8.588719121112819,0.14360924038691286,0.8728927430267136,1.0000010132789612,0.0,ok
6,900006,sl,0,7.927519089985904,0.14163597656991384,0.7936663791931546,2.3601900339126587,0.0,ok
6,900006,gl,0,7.940567022482378,0.14227552580240047,0.7941609201719986,2.298263907432556,0.0,ok
6,900006,sym,0,6.918588895297785,0.14465911022301045,0.6614832198255697,323.28399658203125,0.0,ok
6,900006,baseline_ppo,1,6.256962019323373,0.17698530829566514,0.5304609139163978,,0.0,ok
6,900006,so,1,8.619509387556885,0.15158226830306146,0.8658601000073988,1.0000009536743164,1.7763568394002505e-15,ok
6,900006,sl,1,7.784956002037688,0.1538620079816184,0.7577729738693063,2.5186052322387695,8.881784197001252e-16,ok
6,900006,gl,1,7.711645094689058,0.1437826544960548,0.7634631891998772,2.3447920083999634,8.881784197001252e-16,ok
6,900006,sym,1,6.283150686072565,0.13676331374958042,0.5930711928726172,10113.99072265625,0.0,ok
6,900006,baseline_ppo,2,6.001565734344913,0.16237909021294025,0.5196405258662067,,0.0,ok
6,900006,so,2,8.568413908480265,0.1422410120178255,0.8727056960365114,1.0000008940696716,1.7763568394002505e-15,ok
6,900006,sl,2,8.145169916412142,0.14256645797012668,0.8194675800885384,2.3412476778030396,1.7763568394002505e-15,ok
6,900006,gl,2,8.112311387131305,0.13857595575737428,0.8213959264212909,2.1568304300308228,0.0,ok
6,900006,sym,2,6.514350866833441,0.1350979033155698,0.6239137891855714,2046.181640625,0.0,ok
7,900007,baseline_ppo,0,6.465298905112675,0.18839682483224432,0.5389254819714153,,0.0,ok
7,900007,so,0,8.806083287986466,0.15192246419394445,0.8885491985573123,1.0000008344650269,0.0,ok
7,900007,sl,0,8.086368505261674,0.14085194765305228,0.8154846135087,2.0513815879821777,0.0,ok
7,900007,gl,0,8.11208601070467,0.14888493631147784,0.8064396252427561,2.2017669677734375,0.0,ok
7,900007,sym,0,6.706248270234337,0.14381982206887636,0.6351380859475894,851.2271118164062,0.0,ok
7,900007,baseline_ppo,1,6.641621670579613,0.19388505759519795,0.5537219309793786,,0.0,ok
7,900007,so,1,8.514372767656768,0.14407530537431554,0.8635737598101298,1.0000008940696716,0.0,ok
7,900007,sl,1,8.114228460953603,0.15655098986320892,0.7954746085878772,2.1802427768707275,1.7763568394002505e-15,ok
7,900007,gl,1,8.291694168077367,0.1650337751363389,0.8049829712859666,2.0675275325775146,0.0,ok
7,900007,sym,1,6.686221378186818,0.14759062498028375,0.6278878052734771,2634.4444580078125,0.0,ok
7,900007,baseline_ppo,2,6.499989382811006,0.1837889465911037,0.5509001907600091,,0.0,ok
7,900007,so,2,8.743438460618048,0.13706286081977453,0.9028487005168572,1.0000008940696716,0.0,ok
7,900007,sl,2,8.152727982728242,0.1497939332241801,0.8096842668665574,1.972227692604065,0.0,ok
7,900007,gl,2,8.371521099682692,0.16383901904092968,0.8162129872525732,2.157867193222046,1.7763568394002505e-15,ok
7,900007,sym,2,6.7888882615927155,0.14956290432252847,0.6379078666466909,651.7188720703125,0.0,ok
8,900008,baseline_ppo,0,6.2370887540724045,0.18171528139207369,0.5200176956200971,,0.0,ok
8,900008,so,0,8.831079488718506,0.15849839161093807,0.8815256157234622,1.0000008344650269,0.0,ok
8,900008,sl,0,8.175573796773199,0.1623512153126844,0.7935273315398643,2.0190314054489136,0.0,ok
8,900008,gl,0,8.095510601199054,0.15864619913604194,0.7888915743925918,2.2816778421401978,0.0,ok
8,900008,sym,0,6.633649712429294,0.14554504594575432,0.6236928415271143,1672.3134765625,8.881784197001252e-16,ok
8,900008,baseline_ppo,1,6.021880172030058,0.16456315723307377,0.5186181046428779,,0.0,ok
8,900008,so,1,8.581009244194632,0.1422831970746678,0.8749725304476605,1.0000008344650269,0.0,ok
8,900008,sl,1,8.343883668518739,0.15758397543325037,0.8221531317121039,2.122010588645935,0.0,ok
8,900008,gl,1,8.139264491188486,0.14425986149730521,0.8164472847073961,2.2460440397262573,1.7763568394002505e-15,ok
8,900008,sym,1,6.764203699667193,0.15407337455272765,0.6277009530879092,740.96142578125,8.881784197001252e-16,ok
8,900008,baseline_ppo,2,6.387682007701055,0.18533790155827837,0.5340418352896348,,1.7763568394002505e-15,ok
8,900008,so,2,8.660209299352056,0.14198279275832876,0.8847150237979367,1.0000008940696716,0.0,ok
8,900008,sl,2,7.93830351587058,0.14503996126329285,0.789333057880836,2.281182885169983,1.7763568394002505e-15,ok
8,900008,gl,2,7.865876130460842,0.1388988624048934,0.7893586930694991,2.475274920463562,8.881784197001252e-16,ok
8,900008,sym,2,6.79299052207258,0.15026180533570935,0.6366992348525674,1072.2675170898438,1.7763568394002505e-15,ok
9,900009,baseline_ppo,0,6.141966162083959,0.15835188090274896,0.5433841415318971,,8.881784197001252e-16,ok
9,900009,so,0,8.679814886423417,0.14681962644741012,0.8805027513244499,1.0000008344650269,0.0,ok
9,900009,sl,0,8.094969384345735,0.1449177782221114,0.810108862092408,2.6385576725006104,0.0,ok
9,900009,gl,0,8.014939756240814,0.13647316305163967,0.8128057100777204,2.5196460485458374,0.0,ok
9,900009,sym,0,6.9557471100582955,0.15177849336952487,0.6553255041100706,521.904296875,0.0,ok
9,900009,baseline_ppo,1,6.430819741327019,0.1675991346711478,0.566540946997516,,0.0,ok
9,900009,so,1,8.498221952694275,0.1551862989682224,0.8452845088200643,1.0000008344650269,0.0,ok
9,900009,sl,1,8.043222059495745,0.14401195585853493,0.8049336178523178,2.3319084644317627,0.0,ok
9,900009,gl,1,8.093241335620498,0.14614457917188756,0.8077480680225417,2.4273449182510376,0.0,ok
9,900009,sym,1,6.778571471822946,0.15159479576944496,0.6336497003845094,1433.8392944335938,0.0,ok
9,900009,baseline_ppo,2,6.212723476671973,0.15851175132829923,0.5528031147036392,,0.0,ok
9,900009,so,2,8.749092614330062,0.153147289903111,0.8794483356322782,1.0000008344650269,0.0,ok
9,900009,sl,2,8.098691327034476,0.1504160265114156,0.8018813694158259,2.488623023033142,0.0,ok
9,900009,gl,2,8.17310016795911,0.15455361929228387,0.8051135890547186,2.572327971458435,0.0,ok
9,900009,sym,2,6.983731242116865,0.15256197199670377,0.6574916338845778,648.7900695800781,0.0,ok
10,900010,baseline_ppo,0,6.2838240186456025,0.1774191809232173,0.5322477666786561,,0.0,ok
10,900010,so,0,8.573323101533395,0.15329273155287282,0.8572009648353174,1.0000009536743164,0.0,ok
10,900010,sl,0,8.025484899141691,0.14451866102036198,0.8015182995826006,2.3878304958343506,0.0,ok
10,900010,gl,0,8.136649290380474,0.1504359463667461,0.8066909312822236,2.40317165851593,0.0,ok
10,900010,sym,0,6.80184472859261,0.14633427475016367,0.6436771701161751,1512.98974609375,8.881784197001252e-16,ok
10,900010,baseline_ppo,1,6.164576959241752,0.16614344203938236,0.5349747470422338,,0.0,ok
10,900010,so,1,8.850197854413995,0.15192793017817408,0.8946076295380792,1.0000008344650269,1.7763568394002505e-15,ok
10,900010,sl,1,8.23766355821307,0.15533959070164988,0.8125082510155004,2.1839029788970947,1.7763568394002505e-15,ok
10,900010,gl,1,8.188084633994333,0.14850618623802467,0.8163376415934726,2.0087831020355225,0.0,ok
10,900010,sym,1,6.626355750093955,0.1423438004265243,0.6280151459517268,3661.851806640625,8.881784197001252e-16,ok
10,900010,baseline_ppo,2,6.2124747926460255,0.17597091208475762,0.5261421752611796,,0.0,ok
10,900010,so,2,9.000451245477104,0.1645955685621561,0.8942117206706666,1.000000774860382,1.7763568394002505e-15,ok
10,900010,sl,2,8.36124815183797,0.15392622605530362,0.8302925101098293,2.2514965534210205,1.7763568394002505e-15,ok
10,900010,gl,2,8.390430178072963,0.16786219067317104,0.8128548681270332,2.2928154468536377,0.0,ok
10,900010,sym,2,6.954644596005226,0.15044447624350138,0.6566031644802542,633.1529541015625,0.0,ok
11,900011,baseline_ppo,0,6.516762892685725,0.2000660177146606,0.5274136769913137,,1.7763568394002505e-15,ok
11,900011,so,0,8.83463059709815,0.15906852048653627,0.8811938552837196,1.0000009536743164,0.0,ok
11,900011,sl,0,7.907047296554677,0.16147850514352097,0.7609976826766195,2.605450391769409,8.881784197001252e-16,ok
11,900011,gl,0,7.781386777797132,0.15036871793676063,0.7618697121979978,2.6934014558792114,0.0,ok
11,900011,sym,0,6.907298332326716,0.1534835634949397,0.6467813663477079,570.0377197265625,0.0,ok
11,900011,baseline_ppo,1,6.112107945769247,0.17847911795572552,0.5090906931811322,,0.0,ok
11,900011,so,1,8.6469581770235,0.15510409120982552,0.8640040834824865,1.0000009536743164,0.0,ok
11,900011,sl,1,7.967392072113202,0.15914065639288524,0.7727624600260827,2.7346044778823853,8.881784197001252e-16,ok
11,900011,gl,1,7.90513610763509,0.15675245156545312,0.7682793247100588,2.536346673965454,0.0,ok
11,900011,sym,1,6.580257741704947,0.14220867745008894,0.6227715419486941,1140.8280639648438,0.0,ok
11,900011,baseline_ppo,2,6.240798262888323,0.18803975899877132,0.5106359711336592,,0.0,ok
11,900011,so,2,8.759208554349831,0.14942071985059732,0.8862403762826696,1.0000009536743164,0.0,ok
11,900011,sl,2,7.972527340152305,0.14434721851040544,0.7951609872660601,2.436707615852356,8.881784197001252e-16,ok
11,900011,gl,2,8.071335120605417,0.1577460035418498,0.7876945402055978,2.559765100479126,0.0,ok
11,900011,sym,2,6.533265965120902,0.14930171478812093,0.6053641352851565,3691.864990234375,0.0,ok
12,900012,baseline_ppo,0,5.973114326871977,0.17972412300349191,0.489161614560398,,8.881784197001252e-16,ok
12,900012,so,0,8.707010507227322,0.15707995841046596,0.8678978979933388,1.0000009536743164,0.0,ok
12,900012,sl,0,7.924498633127095,0.15517585226579136,0.7727273031579333,2.5666725635528564,8.881784197001252e-16,ok
12,900012,gl,0,7.702760370862555,0.14159260221103223,0.7650922295171145,2.772663712501526,1.7763568394002505e-15,ok
12,900012,sym,0,7.020491779581191,0.14527439624188415,0.672724801903187,620.0104064941406,0.0,ok
12,900012,baseline_ppo,1,5.931767184673453,0.16239037092081535,0.5105289248377706,,0.0,ok
12,900012,so,1,8.630765733370321,0.14849079824520034,0.8721445571694524,1.0000008344650269,0.0,ok
12,900012,sl,1,8.051403003313329,0.151468192522628,0.7952049234120174,2.4415972232818604,0.0,ok
12,900012,gl,1,8.063562346199276,0.1550015215819504,0.7917318882054338,2.256063938140869,1.7763568394002505e-15,ok
12,900012,sym,1,6.757535567132395,0.13826551496230036,0.6507458272987202,2432.283447265625,0.0,ok
12,900012,baseline_ppo,2,5.898119745847017,0.155499728054533,0.5168363047643254,,8.881784197001252e-16,ok
12,900012,so,2,8.840363837633934,0.1453892280559819,0.902793533076439,1.0000009536743164,0.0,ok
12,900012,sl,2,8.042321428039418,0.14132117445855863,0.8090451383321857,2.2085880041122437,1.7763568394002505e-15,ok
12,900012,gl,2,8.136096925678794,0.1535824787934344,0.8021073547243451,2.3904805183410645,0.0,ok
12,900012,sym,2,6.682753524568731,0.13634409327655134,0.6440852574597269,1854.1165161132812,0.0,ok
13,900013,baseline_ppo,0,6.339217763135923,0.16584723440147223,0.5570005933156238,,8.881784197001252e-16,ok
13,900013,so,0,8.654419922851192,0.1409105778897106,0.8859867822357143,1.0000009536743164,0.0,ok
13,900013,sl,0,8.23434521918383,0.1537735246745689,0.8146638628182001,2.107352375984192,1.7763568394002505e-15,ok
13,900013,gl,0,8.183686582580494,0.154400059828665,0.806489012696718,2.386636257171631,0.0,ok
13,900013,sym,0,6.735162991434322,0.13909764328167312,0.6464699333670082,1690.4202880859375,0.0,ok
13,900013,baseline_ppo,1,6.195485559311368,0.15752050275630658,0.5516243247112881,,0.0,ok
13,900013,so,1,8.61677099243787,0.15205739421608044,0.864562263339758,1.0000008344650269,0.0,ok
13,900013,sl,1,8.290948367923379,0.15632054600233983,0.8176178513672203,2.3780544996261597,0.0,ok
13,900013,gl,1,8.117175117934577,0.14271223464741448,0.8160135457058748,2.0493175983428955,0.0,ok
13,900013,sym,1,6.8435957432583185,0.15328495913396864,0.639171113994314,2408.50830078125,0.0,ok
13,900013,baseline_ppo,2,6.387482204106218,0.16611521925022146,0.5627864296161879,,0.0,ok
13,900013,so,2,8.607961732602226,0.14342611625554894,0.876396749107074,1.000001072883606,0.0,ok
13,900013,sl,2,8.110878892353565,0.1468950784547324,0.8088680188469588,2.4340479373931885,0.0,ok
13,900013,gl,2,8.215621142631523,0.15589730421077344,0.808697355020543,2.755457043647766,0.0,ok
13,900013,sym,2,6.932015262158427,0.14928225177167412,0.6566492293479854,484.39324951171875,0.0,ok
14,900014,baseline_ppo,0,6.257647629004011,0.19688668866609135,0.4993515977997954,,8.881784197001252e-16,ok
14,900014,so,0,8.603599214528419,0.1504067388751852,0.8653484513415335,1.0000008344650269,0.0,ok
14,900014,sl,0,8.068186053728363,0.15422186400839977,0.792597566991734,2.3073415756225586,1.7763568394002505e-15,ok
14,900014,gl,0,7.9884950283278835,0.14838744233411522,0.791020653606082,2.2721669673919678,0.0,ok
14,900014,sym,0,6.589609527273311,0.1479368756170284,0.6143208074995937,2478.9512939453125,0.0,ok
14,900014,baseline_ppo,1,5.993352495799765,0.18349486341161506,0.4867384026153634,,0.0,ok
14,900014,so,1,8.506401932026606,0.14979092602466398,0.8537957101367414,1.0000009536743164,0.0,ok
14,900014,sl,1,8.190512659858193,0.1568740266434941,0.8038525238416468,2.273972272872925,0.0,ok
14,900014,gl,1,7.970174576410519,0.14043385373537434,0.8007876920809347,2.159442186355591,0.0,ok
14,900014,sym,1,6.66725794119124,0.1557571142657716,0.6127126786639604,1451.5064086914062,0.0,ok
14,900014,baseline_ppo,2,6.073640918371277,0.19125452222731953,0.48555659497007736,,0.0,ok
14,900014,so,2,8.53028362641219,0.14230471108849416,0.8677416817946358,1.0000010132789612,0.0,ok
14,900014,sl,2,7.968034355400178,0.14902665043767122,0.7872530648203567,2.401568651199341,0.0,ok
14,900014,gl,2,8.042618091308984,0.1508458151830747,0.7939598194191543,2.6551707983016968,0.0,ok
14,900014,sym,2,6.532314553907536,0.1425910052480515,0.6153446185829428,4276.52197265625,8.881784197001252e-16,ok
15,900015,baseline_ppo,0,6.231010489770241,0.1824677420940585,0.5181427118238683,,0.0,ok
15,900015,so,0,8.87577829507431,0.1615339472794393,0.8828613682766756,1.0000008344650269,0.0,ok
15,900015,sl,0,8.134486034462684,0.1501907971220046,0.8062952607215693,2.1774438619613647,0.0,ok
15,900015,gl,0,8.143872866634968,0.14898093655339661,0.8093569823152384,2.287026047706604,1.7763568394002505e-15,ok
15,900015,sym,0,6.8646199327893145,0.1518503529033995,0.6431052408904769,1132.192626953125,0.0,ok
15,900015,baseline_ppo,1,6.063959347999913,0.17232791161551314,0.5128285655856132,,0.0,ok
15,900015,so,1,8.526966571038004,0.14554005270525938,0.8625177322852736,1.0000008344650269,0.0,ok
15,900015,sl,1,8.04882737406506,0.14314612939577262,0.80628093437658,2.0737239122390747,1.7763568394002505e-15,ok
15,900015,gl,1,8.283579540563304,0.158993715295799,0.8122031483013182,1.8475154638290405,1.7763568394002505e-15,ok
15,900015,sym,1,6.420720348926792,0.14479556804058563,0.5980488742222232,10638.8623046875,0.0,ok
15,900015,baseline_ppo,2,6.252267328019261,0.1838555390348685,0.5186994613810132,,0.0,ok
15,900015,so,2,8.480826330731121,0.15144628313322042,0.848134416053382,1.0000009536743164,0.0,ok
15,900015,sl,2,8.133966248048804,0.15917513447262127,0.7934468203983579,2.660192370414734,0.0,ok
15,900015,gl,2,7.945983493772668,0.1419192420709504,0.7958037776774104,2.1639280319213867,0.0,ok
15,900015,sym,2,6.854301583668574,0.14643878046281916,0.6509245537555931,675.5490112304688,8.881784197001252e-16,ok
16,900016,baseline_ppo,0,5.678744712290521,0.18195954957350502,0.448670946820639,,0.0,ok
16,900016,so,0,8.445926274809484,0.14523611944295092,0.8525231689659257,1.0000009536743164,0.0,ok
16,900016,sl,0,7.906932712562185,0.15705196431147236,0.7671866270147886,2.4504594802856445,0.0,ok
16,900016,gl,0,7.978383524980724,0.15888754255540047,0.7732560334565739,2.4502859115600586,8.881784197001252e-16,ok
16,900016,sym,0,6.313590885477767,0.15134873317381564,0.5738019186368057,95765.32421875,0.0,ok
16,900016,baseline_ppo,1,5.6337488753978615,0.1767277674519695,0.45132173540828135,,0.0,ok
16,900016,so,1,8.78593455304709,0.15293050470668898,0.8844312368740639,1.0000008344650269,0.0,ok
16,900016,sl,1,7.678071443449693,0.14597108980354206,0.755579867498468,2.776859760284424,0.0,ok
16,900016,gl,1,7.774801890565683,0.15773034216813211,0.750101356982626,2.541933298110962,8.881784197001252e-16,ok
16,900016,sym,1,6.194809483321745,0.1420934442482481,0.5731051420245008,9816.3154296875,0.0,ok
16,900016,baseline_ppo,2,5.790338747190602,0.18185686392196268,0.4630095426198716,,0.0,ok
16,900016,so,2,8.265533362018123,0.13973178469131609,0.83784216223564,1.0000009536743164,0.0,ok
16,900016,sl,2,7.963046668060147,0.15245416223991504,0.7814788483163964,2.881128668785095,0.0,ok
16,900016,gl,2,7.828748222514848,0.15200825076061963,0.7647132208605608,2.694087505340576,0.0,ok
16,900016,sym,2,6.456377278173959,0.14850893078450256,0.5965620198309732,1064.480712890625,0.0,ok
17,900017,baseline_ppo,0,6.508893767394829,0.1788398502148138,0.5586296548407524,,0.0,ok
17,900017,so,0,8.652287218603243,0.1440771269581804,0.8809264411243299,1.0000008940696716,0.0,ok
17,900017,sl,0,8.083058785414176,0.15255763783334006,0.7963937287624304,2.1530566215515137,0.0,ok
17,900017,gl,0,8.053122232509208,0.15033247113052692,0.7961623669009034,2.2728301286697388,0.0,ok
17,900017,sym,0,6.73740278552134,0.15389341786835758,0.6234440962669516,2766.2730712890625,0.0,ok
17,900017,baseline_ppo,1,6.639550687006346,0.1814966698721106,0.5718591992607961,,0.0,ok
17,900017,so,1,8.733885765984708,0.15859781437178272,0.8697835017160203,1.0000009536743164,0.0,ok
17,900017,sl,1,7.996591163178637,0.1565907416616995,0.780269336627703,2.4121874570846558,8.881784197001252e-16,ok
17,900017,gl,1,7.843456815993977,0.14367996793495486,0.7800369651264824,2.4214659929275513,0.0,ok
17,900017,sym,1,6.710682321653949,0.15294814864013925,0.622797007813972,2765.9058837890625,0.0,ok
17,900017,baseline_ppo,2,6.796021606044521,0.18449986660228607,0.586516978368163,,8.881784197001252e-16,ok
17,900017,so,2,8.59844604542037,0.14574410790556178,0.8722709036123627,1.0000009536743164,0.0,ok
17,900017,sl,2,8.17817279993797,0.15890832554626064,0.799380069081392,2.7855777740478516,0.0,ok
17,900017,gl,2,8.02992907015021,0.14731700712435425,0.7979621430728895,2.6107438802719116,1.7763568394002505e-15,ok
17,900017,sym,2,6.657412721861861,0.1443430606067046,0.6285613998220148,2464.6224365234375,0.0,ok
18,900018,baseline_ppo,0,6.55243371237414,0.19859512608792612,0.5348485999466851,,8.881784197001252e-16,ok
18,900018,so,0,8.757566384368376,0.14880038628770953,0.8869682770455566,1.0000008344650269,0.0,ok
18,900018,sl,0,8.102678345179475,0.15068099349920816,0.8017653529269,2.1567070484161377,0.0,ok
18,900018,gl,0,8.177025658117747,0.159718546895485,0.7977255374362693,2.3008800745010376,0.0,ok
18,900018,sym,0,6.9372126452265945,0.1538355220841314,0.6496817572146654,479.9134063720703,0.0,ok
18,900018,baseline_ppo,1,6.104078332712835,0.17934253319919422,0.5077294627017032,,0.0,ok
18,900018,so,1,8.534298831815384,0.1536986746643693,0.851501117888062,1.0000008344650269,1.7763568394002505e-15,ok
18,900018,sl,1,7.968236568295063,0.1511668671176511,0.7845913618655874,2.7026573419570923,0.0,ok
18,900018,gl,1,7.953682812458459,0.14808156496770677,0.78701078201194,2.7978254556655884,1.7763568394002505e-15,ok
18,900018,sym,1,6.812378284925889,0.14386620968250854,0.6490846741267169,684.4017028808594,8.881784197001252e-16,ok
18,900018,baseline_ppo,2,6.646893017583585,0.1900284498686409,0.5593138256284719,,0.0,ok
18,900018,so,2,8.64725816392266,0.1690780076721361,0.8423365694063405,1.0000008344650269,0.0,ok
18,900018,sl,2,8.159697112420309,0.1582939582801664,0.7979160843682165,2.3102033138275146,1.7763568394002505e-15,ok
18,900018,gl,2,8.073033103413403,0.1543885745893508,0.7928198627784848,2.4348617792129517,0.0,ok
18,900018,sym,2,6.624861435119172,0.15002726294333685,0.6157934495756713,13141.8876953125,8.881784197001252e-16,ok
19,900019,baseline_ppo,0,6.541541212215706,0.20201904515316338,0.5277785307749485,,0.0,ok
19,900019,so,0,8.47273396203523,0.14760723698875727,0.852401433174933,1.0000008344650269,0.0,ok
19,900019,sl,0,8.077082391591942,0.1494794321721272,0.8000655689338998,2.157431125640869,0.0,ok
19,900019,gl,0,8.033205602037476,0.14544588178348963,0.8006413755777912,2.2968404293060303,0.0,ok
19,900019,sym,0,6.402274489328155,0.14069434929825747,0.6016710817259892,18851.6259765625,0.0,ok
19,900019,baseline_ppo,1,5.956311879985671,0.16289879421552403,0.513326100130255,,0.0,ok
19,900019,so,1,8.556303151403718,0.1447842612210424,0.8671643967052921,1.0000009536743164,0.0,ok
19,900019,sl,1,7.961839821054145,0.15762217529216827,0.7737582346205909,2.298931121826172,0.0,ok
19,900019,gl,1,7.810114201702522,0.14861980164884495,0.7680631949585862,2.279623031616211,0.0,ok
19,900019,sym,1,6.496286673750889,0.14199901184862335,0.6116291202588784,12008.46826171875,8.881784197001252e-16,ok
19,900019,baseline_ppo,2,6.52218251753844,0.19265728977641178,0.5397908604348078,,0.0,ok
19,900019,so,2,8.451466385439714,0.16074445535336707,0.8302260307071729,1.0000009536743164,0.0,ok
19,900019,sl,2,7.621435327459697,0.1403203186991039,0.7570726199544502,3.8035812377929688,0.0,ok
19,900019,gl,2,7.79066990494907,0.1388576737262059,0.7807466072243326,3.5807873010635376,0.0,ok
19,900019,sym,2,6.737113516724297,0.14900504704879391,0.6317317697826929,5045.10107421875,0.0,ok
